<Ui xmlns="http://www.blizzard.com/wow/ui/" xmlns:xsi="http://www.w3.org/2001/XMLSchema-instance" xsi:schemaLocation="http://www.blizzard.com/wow/ui/
..\FrameXML\UI.xsd">
	<Script file="OrderHallCommander.lua"/>
	<Button name="OrderHallCommanderWhatsNew" inherits="UIPanelInfoButton" hidden="true" virtual="true">
		<Size x="32" y="32"/>
		<Scripts>
			<OnLeave function="GameTooltip_Hide"/>
			<OnEnter>
				if self.tooltip then
					GameTooltip:SetOwner(self,"ANCHOR_TOPLEFT")
					GameTooltip:AddLine(self.tooltip)
					GameTooltip:Show()
				end
			</OnEnter>
		</Scripts>
	</Button>	
	<Button name="OHCMissionButton" inherits="OrderHallMissionListButtonTemplate" virtual="true">
		<Size x="832" y="75"/>
		<KeyValues>
			<KeyValue name="IsCustom" value="true" type="boolean"/>
		</KeyValues>
	</Button>
	<Button name="OHCMiniMissionButton" inherits="GarrisonLandingPageReportMissionTemplate" virtual="true">
		<Size x="400" y="47"/>
	</Button>
	<Frame parentKey="Stats" name="OHCStats" virtual="true" enableMouse="true" mixin="OrderHallCommanderMixin">
		<Size x="110" y="75"/>
		<Layers>
			<Layer level="OVERLAY">
				<FontString parentKey="Expire" justifyV="TOP" justifyH="CENTER" inherits="GameFontHighlightSmallOutline">
					<Size x="95" y="30"/>
					<Anchors>
						<Anchor point="TOPLEFT" x="5" y="-10"/>
						<Anchor point="TOPRIGHT" x="5" y="-10"/>
					</Anchors>
				</FontString>
				<FontString parentKey="Chance" justifyV="BOTTOM" justifyH="CENTER" inherits="NumberFontNormalHuge">
					<Size x="95" y="30"/>
					<Anchors>
						<Anchor point="BOTTOMLEFT" x="5" y="10"/>
						<Anchor point="BOTTOMRIGHT" x="5" y="10"/>
					</Anchors>
				</FontString>
			</Layer>
		</Layers>	
		<Scripts>
<!--@debug@				
			<OnEnter method="Dump"/>
@end-debug@-->				
			<OnLeave method="HideTT"/>
		</Scripts>
	</Frame>
	<Frame name="OHCThreatsCounters" virtual="true" mixin="OrderHallCommanderMixin" enableMouse="true" inherits="GarrisonAbilityCounterTemplate">
		<Scripts>
			<OnEnter method="CounterTooltip"/>
			<OnLeave method="HideTT"/>
		</Scripts>
	</Frame>
	<Frame parentKey="Threats" name="OHCThreats" virtual="true" mixin="OrderHallCommanderMixin,OrderHallCommanderMixinThreats" enableMouse="true">
 		<Size x="128" y="24"/>
		<Layers>
			<Layer level="OVERLAY">
				<FontString parentKey="Cost" justifyV="CENTER" justifyH="LEFT" inherits="GameFontHighlightSmallOutline">
					<Size x="250" y="20"/>
				</FontString>
				<FontString parentKey="XP" justifyV="CENTER" justifyH="LEFT" inherits="GameFontHighlightSmallOutline">
					<Size x="250" y="20"/>
				</FontString>
			</Layer>
		</Layers> 		
		<Scripts>
			<OnLoad method="OnLoad"/>
<!--@debug@				
			<OnEnter>
				self:Dump(self:GetParent())
			</OnEnter>
@end-debug@-->				
			<OnLeave method="HideTT"/>
		</Scripts>
	</Frame>
	<Frame name="OHCMembers" mixin="OrderHallCommanderMixin,OrderHallCommanderMixinMembers" virtual="true" enableMouse="false">
		<Size x="1" y="70"/>
		<Frames>
			<Frame parentKey="NotReady" strata="HIGH">
				<Anchors>
					<Anchor point="TOPLEFT" x="-5" y="0"/>
					<Anchor point="BOTTOMRIGHT" x="5" y="0"/>
				</Anchors>					
				<Layers>
					<Layer level="OVERLAY">
						<FontString parentKey="Text" justifyV="CENTER" justifyH="CENTER" inherits="GameFontNormalOutline" text="GARRISON_PARTY_NOT_ENOUGH_CHAMPIONS">
							<Anchors>
								<Anchor point="TOPLEFT" x="5" y="0"/>
								<Anchor point="BOTTOMRIGHT" x="-5" y="0"/>
							</Anchors>					
						</FontString>
					</Layer>
				</Layers> 		
			</Frame>				
			<Frame parentArray="Champions" inherits="OHCFollowerIcon" />
		</Frames>
		<Scripts>
			<OnLoad method="OnLoad"/>
			<OnLeave method="HideTT"/>
			<OnShow methot="OnShow"/>
		</Scripts>
	</Frame>
	<Frame name="OHCFollowerIcon" mixin="OrderHallCommanderMixin,OrderHallCommanderMixinFollowerIcon" enableMouse="true" inherits="GarrisonFollowerPortraitTemplate" virtual="true" >
		<Size x="52" y="60"/>
		<Scripts>
			<OnEnter method="ShowTooltip"/>
			<OnLeave method="HideTooltip"/>
		</Scripts>
	</Frame>
	<Frame name="OHCFollowerPortrait" enableMouse="true" inherits="GarrisonMissionPageFollowerTemplate" virtual="true" >
		<Size x="161" y="58"/>
	</Frame>
	<Button name="OHCFollowerButton" inherits="GarrisonFollowerButtonTemplate" virtual="true">
		<Size x="260" y="56"/>
	</Button>
	<Button name="OHCUpgradeButton" enableMouse="true" virtual="true" inherits="GarrisonMissionListButtonRewardTemplate">
		<Size x="32" y="32"/>
	</Button>
	<Button name="OHCPin" virtual="true" enableMouse="true" hidden="true">
		<Size x="64" y="64" />
		<Anchors>
			<Anchor point="TOPLEFT" relativeTo="OrderHallMissionFrame" relativePoint="TOPRIGHT" x="-15" y="13"/>
		</Anchors>
		<NormalTexture file="Interface\CHATFRAME\UI-ChatIcon-ScrollUp-Up">
			<Size x="66" y="66" />
		</NormalTexture>
		<HighlightTexture file="Interface\CHATFRAME/UI-ChatIcon-BlinkHilight" alphaMode="ADD">
			<Size x="60" y="60" />
		</HighlightTexture>
		<Scripts>
			<OnLeave>
				GameTooltip:Hide()
			</OnLeave>
			<OnEnter>
				GameTooltip:SetOwner(self,"ANCHOR_TOPRIGHE")
				if not self.tooltip then return end
				GameTooltip:SetText(self.tooltip)
				GameTooltip:Show()				
			</OnEnter>
		</Scripts>
	</Button>

	<Frame name="OHCMenu" mixin="OrderHallCommanderMixin,OrderHallCommanderMixinMenu" inherits="GarrisonUITemplate" virtual="true">
		<Size x="200" y="30"/>
		<KeyValues>
			<KeyValue key="PinOpen" value="true" type="boolean"/>
			<KeyValue key="DefaultWidth" value="220" type="number"/>
		</KeyValues>		
		<Anchors>
			<Anchor point="TOPLEFT" relativeKey="$parent" relativePoint="TOPRIGHT" x="0" y="0"/>
			<Anchor point="BOTTOMLEFT" relativeKey="$parent" relativePoint="BOTTOMRIGHT" x="0" y="0"/>
		</Anchors>
		<Layers>
			<Layer level="OVERLAY">
				<FontString parentKey="Title" justifyV="TOP" justifyH="CENTER" inherits="GameFontHighlightSmallOutline" text="OrderHallCommander">
					<Size x="95" y="30"/>
					<Anchors>
						<Anchor point="TOPLEFT" x="0" y="-5"/>
						<Anchor point="TOPRIGHT" x="-32" y="-5"/>
					</Anchors>
				</FontString>
			</Layer>
		</Layers>		
		<Scripts>
			<OnLoad method="OnLoad"/>
			<OnLeave>GameTooltip:Hide()</OnLeave>
		</Scripts>
	</Frame>	
	<CheckButton name="OHCTab" mouseEnable="true" virtual="true" inherits="SpellBookSkillLineTabTemplate">
		<Size x="100" y="50" />
		<KeyValues>
			<KeyValue key="flag" value="" type="string"/>
			<KeyValue key="tipo" value="" type="string"/>
		</KeyValues>
		<Layers>
			<Layer level="ARTWORK">
				<Texture parentKey="Icon" file="Interface\ACHIEVEMENTFRAME\UI-ACHIEVEMENT-SHIELDS-NOPOINTS">
					<Size x="48" y="48"/>
					<Anchors>
						<Anchor point="TOPLEFT" x="0" y="0"/>
					</Anchors>
					<TexCoords left="0" right="0.5" top="0.5" bottom="1"/>
				</Texture>			
			</Layer>
			<Layer level="OVERLAY">
				<FontString parentKey="Name" text="Example" justifyV="CENTER" justifyH="LEFT" inherits="GameFontHighlightSmallOutline">
					<Size x="95" y="30"/>
					<Anchors>
						<Anchor point="LEFT" x="40" y="10"/>
						<Anchor point="RIGHT" x="40" y="10"/>
					</Anchors>
				</FontString>			
			</Layer>
		</Layers>
	</CheckButton>	
	<Frame parentKey="Spinner" name="OHCSpinner" virtual="true" inherits="LoadingSpinnerTemplate">
		<Scripts>
			<OnLoad>
				self.Start=function(self) self:Show() self.Anim:Play() end
				self.Stop=function(self) self.Anim:Stop() self:Hide() end
			</OnLoad>
		</Scripts>
	</Frame>
	<Frame name="OHCAlertFrameTemplate" inherits="GarrisonStandardFollowerAlertFrameTemplate" virtual="true"/>
	<!--
	GarrisonFollowerXPGainTemplate
	GarrisonFollowerXPBarTemplate
	GarrisonFollowerLevelUpTemplate
	-->

</Ui>
