<Ui xmlns="http://www.blizzard.com/wow/ui/" xmlns:xsi="http://www.w3.org/2001/XMLSchema-instance"
	xsi:schemaLocation="http://www.blizzard.com/wow/ui/">

	<!--
		Storyline
		Copyright 2015 Sylvain Cossement (telkostrasz@totalrp3.info)
		Copyright 2015 Renaud Parize (Ellypse) (renaud@parize.me)

		Licensed under the Apache License, Version 2.0 (the "License");
		you may not use this file except in compliance with the License.
		You may obtain a copy of the License at

			http://www.apache.org/licenses/LICENSE-2.0

		Unless required by applicable law or agreed to in writing, software
		distributed under the License is distributed on an "AS IS" BASIS,
		WITHOUT WARRANTIES OR CONDITIONS OF ANY KIND, either express or implied.
		See the License for the specific language governing permissions and
		limitations under the License.
	-->

	<Script file="LibStub\LibStub.lua"/>
	<Include file="AceAddon-3.0\AceAddon-3.0.xml"/>
	<Include file="AceConsole-3.0\AceConsole-3.0.xml"/>
	<Script file="CallbackHandler-1.0\CallbackHandler-1.0.lua"/>
	<Include file="LibSharedMedia-3.0\lib.xml"/>
	<Include file="TRP-Anim-DB\TRP-Anim-DB.xml" />

	<GameTooltip name="Storyline_MainTooltip" frameStrata="TOOLTIP" hidden="false" parent="UIParent" inherits="GameTooltipTemplate"/>

	<!-- Common close button  -->
	<Button name="Storyline_CloseButton" inherits="UIPanelCloseButton" virtual="true">
		<Scripts>
			<OnEnter>
				Storyline_RefreshTooltipForFrame(self);
			</OnEnter>
			<OnLeave>
				Storyline_MainTooltip:Hide();
			</OnLeave>
			<PostClick>
				PlaySound("gsCharacterSelection","SFX");
			</PostClick>
		</Scripts>
	</Button>

	<!-- Common red Wow button template  -->
	<Button name="Storyline_CommonButton" inherits="UIPanelButtonTemplate" virtual="true">
		<Size x="90" y="20"/>
		<Scripts>
			<OnEnter>
				Storyline_RefreshTooltipForFrame(self);
			</OnEnter>
			<OnLeave>
				Storyline_MainTooltip:Hide();
			</OnLeave>
			<PostClick>
				PlaySound("gsCharacterSelection","SFX");
			</PostClick>
		</Scripts>
	</Button>

	<!-- Checkbox with small label and TT compatible -->
	<CheckButton name="Storyline_CheckBox" inherits="OptionsCheckButtonTemplate" virtual="true" checked="false">
		<Scripts>
			<OnLoad>
				getglobal(self:GetName().."Text"):SetFontObject(GameFontNormalSmall);
				self.Text = getglobal(self:GetName().."Text");
			</OnLoad>
			<OnEnter>
				Storyline_RefreshTooltipForFrame(self);
			</OnEnter>
			<OnLeave>
				Storyline_MainTooltip:Hide();
			</OnLeave>
			<PostClick>
				PlaySound("gsCharacterSelection","SFX");
			</PostClick>
		</Scripts>
	</CheckButton>

	<!-- Common icon button  -->
	<Button name="Storyline_IconButton" virtual="true">
		<Size x="26" y="26"/>
		<Layers>
			<Layer level="OVERLAY">
				<Texture name="$parentIcon" file="Interface\ICONS\INV_Misc_QuestionMark">
					<Size x="26" y="26"/>
					<Anchors>
						<Anchor point="CENTER" x="0" y="0"/>
					</Anchors>
				</Texture>
			</Layer>
		</Layers>
		<NormalTexture file="Interface\AchievementFrame\UI-Achievement-IconFrame">
			<Size x="65" y="65"/>
			<Anchors>
				<Anchor point="CENTER" x="14" y="-14"/>
			</Anchors>
		</NormalTexture>
		<PushedTexture file="Interface\Buttons\UI-EmptySlot">
			<Size x="50" y="50"/>
			<Anchors>
				<Anchor point="CENTER" x="0" y="0"/>
			</Anchors>
		</PushedTexture>
		<DisabledTexture file="Interface\Buttons\UI-EmptySlot-Disabled">
			<Size x="47" y="47"/>
			<Anchors>
				<Anchor point="CENTER" x="0" y="0"/>
			</Anchors>
		</DisabledTexture>
		<HighlightTexture alphaMode="ADD" file="Interface\Buttons\UI-Quickslot-Depress"/>
		<Scripts>
			<OnEnter>
				Storyline_RefreshTooltipForFrame(self);
			</OnEnter>
			<OnLeave>
				Storyline_MainTooltip:Hide();
			</OnLeave>
			<PostClick>
				PlaySound("gsCharacterSelection","SFX");
			</PostClick>
		</Scripts>
	</Button>

	<Slider name="Storyline_Slider" inherits="OptionsSliderTemplate" virtual="true">
		<Size x="140" y="15"/>
		<Layers>
			<Layer level="OVERLAY">
				<FontString name="$parentValText" inherits="GameFontNormal" justifyH="CENTER" text="[value]">
					<Size x="0" y="10"/>
					<Anchors>
						<Anchor point="LEFT"/>
						<Anchor point="RIGHT"/>
					</Anchors>
					<Color r="0.95" g="0.95" b="0.95"/>
				</FontString>
			</Layer>
		</Layers>
		<Scripts>
			<OnEnter>
				Storyline_RefreshTooltipForFrame(self);
			</OnEnter>
			<OnLeave>
				Storyline_MainTooltip:Hide();
			</OnLeave>
		</Scripts>
	</Slider>

	<!-- Invisible button  -->
	<Button name="Storyline_InvisibleButton" virtual="true">
		<Size x="90" y="20"/>
		<Scripts>
			<OnEnter>
				Storyline_RefreshTooltipForFrame(self);
			</OnEnter>
			<OnLeave>
				Storyline_MainTooltip:Hide();
			</OnLeave>
		</Scripts>
	</Button>

	<!-- Titled edit box, TRP2 style -->
	<EditBox name="Storyline_TitledEditBox" letters="0" historyLines="10" autoFocus="false" virtual="true">
		<Size x="100" y="18"/>
		<Layers>
			<Layer level="BACKGROUND">
				<Texture name="$parentLeft" file="Interface\Common\Common-Input-Border">
					<Size x="12" y="28"/>
					<Anchors>
						<Anchor point="TOPLEFT" x="-5" y="0"/>
					</Anchors>
					<TexCoords left="0" right="0.09375" top="0" bottom="1.0"/>
				</Texture>
				<Texture name="$parentRight" file="Interface\Common\Common-Input-Border">
					<Size x="12" y="28"/>
					<Anchors>
						<Anchor point="TOPRIGHT" x="5" y="0"/>
					</Anchors>
					<TexCoords left="0.90625" right="1.0" top="0" bottom="1.0"/>
				</Texture>
				<Texture name="$parentCenter" file="Interface\Common\Common-Input-Border">
					<Size x="0" y="28"/>
					<Anchors>
						<Anchor point="LEFT" relativeTo="$parentLeft" relativePoint="RIGHT"/>
						<Anchor point="RIGHT" relativeTo="$parentRight" relativePoint="LEFT"/>
					</Anchors>
					<TexCoords left="0.09375" right="0.90625" top="0" bottom="1.0"/>
				</Texture>
			</Layer>
			<Layer level="OVERLAY">
				<FontString name="$parentText" text="[title]" inherits="GameFontNormalSmall" justifyH="LEFT">
					<Anchors>
						<Anchor point="TOPLEFT" x="5" y="5"/>
						<Anchor point="TOPRIGHT" x="0" y="5"/>
					</Anchors>
					<Color r="0.95" g="0.75" b="0.1"/>
				</FontString>
			</Layer>
		</Layers>
		<FontString inherits="GameFontWhite"/>
		<Scripts>
			<OnEscapePressed>
				self:ClearFocus()
			</OnEscapePressed>
			<OnEditFocusGained>
				if self.disabled then
				self:ClearFocus();
				else
				self:HighlightText();
				end
			</OnEditFocusGained>
			<OnEditFocusLost>
				self:HighlightText(0,0);
			</OnEditFocusLost>
			<OnEnter>
				Storyline_RefreshTooltipForFrame(self);
			</OnEnter>
			<OnLeave>
				Storyline_MainTooltip:Hide();
			</OnLeave>
		</Scripts>
	</EditBox>

	<!-- Tutorial style hovered frame -->
	<Frame name="Storyline_HoveredFrame" inherits="GlowBoxTemplate" enableMouse="true" virtual="true">
		<Size x="220" y="100"/>
		<Layers>
			<Layer level="ARTWORK">
				<Texture parentKey="ArrowUP" inherits="HelpPlateArrowDOWN" hidden="true">
					<Size x="53" y="21"/>
					<Anchors>
						<Anchor point="TOP" relativePoint="BOTTOM" x="0" y="3"/>
					</Anchors>
				</Texture>
				<Texture parentKey="ArrowDOWN" inherits="HelpPlateArrowUP" hidden="true">
					<Size x="53" y="21"/>
					<Anchors>
						<Anchor point="BOTTOM" relativePoint="TOP" x="0" y="-3"/>
					</Anchors>
				</Texture>
				<Texture parentKey="ArrowRIGHT" inherits="HelpPlateArrowDOWN" hidden="true">
					<Size x="53" y="21"/>
					<Anchors>
						<Anchor point="RIGHT" relativePoint="LEFT" x="3" y="0"/>
					</Anchors>
				</Texture>
				<Texture parentKey="ArrowLEFT" inherits="HelpPlateArrowDOWN" hidden="true">
					<Size x="53" y="21"/>
					<Anchors>
						<Anchor point="LEFT" relativePoint="RIGHT" x="-3" y="0"/>
					</Anchors>
				</Texture>
			</Layer>
			<Layer level="BORDER">
				<Texture parentKey="ArrowGlowUP" inherits="HelpPlateArrow-GlowDOWN" hidden="true" alphaMode="ADD" alpha="0.5">
					<Size x="53" y="21"/>
					<Anchors>
						<Anchor point="TOP" relativePoint="BOTTOM" x="0" y="3"/>
					</Anchors>
				</Texture>
				<Texture parentKey="ArrowGlowDOWN" inherits="HelpPlateArrow-GlowUP" hidden="true" alphaMode="ADD" alpha="0.5">
					<Size x="53" y="21"/>
					<Anchors>
						<Anchor point="BOTTOM" relativePoint="TOP" x="0" y="-3"/>
					</Anchors>
				</Texture>
				<Texture parentKey="ArrowGlowRIGHT" inherits="HelpPlateArrow-GlowDOWN" hidden="true" alphaMode="ADD" alpha="0.5">
					<Size x="53" y="21"/>
					<Anchors>
						<Anchor point="RIGHT" relativePoint="LEFT" x="3" y="0"/>
					</Anchors>
				</Texture>
				<Texture parentKey="ArrowGlowLEFT" inherits="HelpPlateArrow-GlowDOWN" hidden="true" alphaMode="ADD" alpha="0.5">
					<Size x="53" y="21"/>
					<Anchors>
						<Anchor point="LEFT" relativePoint="RIGHT" x="-3" y="0"/>
					</Anchors>
				</Texture>
			</Layer>
		</Layers>
		<Scripts>
			<OnLoad>
				SetClampedTextureRotation(self.ArrowLEFT, 270);
				SetClampedTextureRotation(self.ArrowRIGHT, 90);
				SetClampedTextureRotation(self.ArrowGlowLEFT, 270);
				SetClampedTextureRotation(self.ArrowGlowRIGHT, 90);
			</OnLoad>
		</Scripts>
	</Frame>

	<!-- Resize button -->
	<Button name="Storyline_ResizeButton" virtual="true">
		<Size x="32" y="32"/>
		<Scripts>
			<OnLoad>
				Storyline_API.lib.initResize(self);
			</OnLoad>
		</Scripts>
		<NormalTexture file="Interface\Buttons\UI-Panel-SmallerButton-Up">
			<TexCoords left="1" right="0" top="0" bottom="1"/>
		</NormalTexture>
		<PushedTexture file="Interface\Buttons\UI-Panel-SmallerButton-Down">
			<TexCoords left="1" right="0" top="0" bottom="1"/>
		</PushedTexture>
		<HighlightTexture file="Interface\Buttons\UI-Panel-MinimizeButton-Highlight" alphaMode="ADD"/>
	</Button>

	<Frame name="Storyline_ResizeShadowFrame" parent="UIParent" frameStrata="FULLSCREEN" hidden="true" resizable="true">
		<Backdrop edgeFile="Interface\GLUES\COMMON\TextPanel-Border" tile="true" bgFile="Interface\DialogFrame\UI-DialogBox-Background">
			<EdgeSize><AbsValue val="32"/></EdgeSize><TileSize><AbsValue val="400"/></TileSize>
			<BackgroundInsets><AbsInset left="5" right="5" top="5" bottom="5"/></BackgroundInsets>
		</Backdrop>
		<Layers>
			<Layer level="OVERLAY">
				<FontString name="Storyline_ResizeShadowFrameText" inherits="GameFontNormal" justifyH="CENTER" justifyV="MIDDLE" setAllPoints="true">
					<Color b="1.0" r="1.0" g="1.0"/>
				</FontString>
			</Layer>
		</Layers>
	</Frame>

	<!-- Text area -->
	<Frame name="Storyline_TextArea" virtual="true" enableMouse="true">
		<Backdrop edgeFile="Interface\GLUES\COMMON\TextPanel-Border" bgFile="Interface\DialogFrame\UI-DialogBox-Background" tile="true">
			<EdgeSize>
				<AbsValue val="20"/>
			</EdgeSize>
			<TileSize>
				<AbsValue val="200"/>
			</TileSize>
			<BackgroundInsets>
				<AbsInset left="5" right="5" top="5" bottom="5"/>
			</BackgroundInsets>
		</Backdrop>
		<Frames>
			<ScrollFrame parentKey="scroll" name="$parentScroll" inherits="UIPanelScrollFrameTemplate">
				<Anchors>
					<Anchor point="TOP" x="0" y="-10"/>
					<Anchor point="BOTTOM" x="0" y="10"/>
					<Anchor point="LEFT" x="15" y="0"/>
					<Anchor point="RIGHT" x="-18" y="0"/>
				</Anchors>
				<ScrollChild>
					<EditBox name="$parentText" parentKey="text" multiLine="true" enableMouse="false" autoFocus="false">
						<Scripts>
							<OnShow>
								self:SetWidth(self:GetParent():GetParent():GetWidth() - 40);
							</OnShow>
							<OnTextChanged>
								if self:IsVisible() and self:GetCursorPosition() == string.len(self:GetText()) then
								self:GetParent():SetVerticalScroll(self:GetParent():GetVerticalScrollRange());
								end
							</OnTextChanged>
							<OnEscapePressed>
								self:ClearFocus();
							</OnEscapePressed>
							<OnEditFocusGained>
								self:HighlightText();
								self:GetParent():GetParent().dummy:Hide();
							</OnEditFocusGained>
							<OnEditFocusLost>
								self:HighlightText(0,0);
								self:GetParent():GetParent().dummy:Show();
							</OnEditFocusLost>
						</Scripts>
						<FontString inherits="ChatFontNormal"/>
					</EditBox>
				</ScrollChild>
			</ScrollFrame>
			<Button name="$parentFocusDummy" parentKey="dummy">
				<Anchors>
					<Anchor point="TOP" x="0" y="5"/>
					<Anchor point="BOTTOM" x="0" y="-5"/>
					<Anchor point="LEFT" x="0" y="0"/>
					<Anchor point="RIGHT" x="-10" y="0"/>
				</Anchors>
				<Scripts>
					<OnClick>
						self:GetParent().scroll.text:SetFocus();
					</OnClick>
				</Scripts>
			</Button>
		</Frames>
	</Frame>

	<Script file="lib.lua"/>

	<Frame parent="UIParent" name="Storyline_EventFrame">
		<Anchors>
			<Anchor point="CENTER"/>
		</Anchors>
		<Scripts>
			<OnEvent function="Storyline_EventDispatcher"/>
		</Scripts>
	</Frame>

</Ui>