<Ui xmlns="http://www.blizzard.com/wow/ui/" xmlns:xsi="http://www.w3.org/2001/XMLSchema-instance"
	xsi:schemaLocation="http://www.blizzard.com/wow/ui/">

	<!--
		Storyline options
		Copyright 2015 Renaud Parize (Ellypse) (renaud@parize.me)
		Copyright 2015 Sylvain Cossement (telkostrasz@totalrp3.info)

		Licensed under the Apache License, Version 2.0 (the "License");
		you may not use this file except in compliance with the License.
		You may obtain a copy of the License at

			http://www.apache.org/licenses/LICENSE-2.0

		Unless required by applicable law or agreed to in writing, software
		distributed under the License is distributed on an "AS IS" BASIS,
		WITHOUT WARRANTIES OR CONDITIONS OF ANY KIND, either express or implied.
		See the License for the specific language governing permissions and
		limitations under the License.
	-->

	<!-- Storyline option frame template
		Provides a title and a subtext (frame.Title, frame.SubText)
		Register option panes on load
	-->
	<Frame name="StorylineOptionFrameTemplate" virtual="true">
		<Layers>
			<Layer level="ARTWORK">
				<FontString parentKey="Title" text="Text options" inherits="GameFontNormalLarge" justifyH="LEFT" justifyV="TOP">
					<Anchors>
						<Anchor point="TOPLEFT">
							<Offset>
								<AbsDimension x="16" y="-16" />
							</Offset>
						</Anchor>
					</Anchors>
				</FontString>
				<FontString parentKey="SubText" inherits="GameFontHighlightSmall" justifyH="LEFT">
					<Anchors>
						<Anchor point="TOPLEFT" relativeKey="$parent.Title" relativePoint="BOTTOMLEFT" y="-8" />
						<Anchor point="RIGHT" x="-32" />
					</Anchors>
				</FontString>
			</Layer>
		</Layers>
		<Scripts>
			<OnLoad function="InterfaceOptions_AddCategory" />
		</Scripts>
	</Frame>

	<FontString name="StorylineTextOptionsSample" inherits="GameFontHighlight" virtual="true" justifyH="LEFT">
		<Anchors>
			<Anchor point="TOPLEFT" relativePoint="BOTTOMLEFT" relativeKey="$parent.Title" y="-15" x="15" />
			<Anchor point="RIGHT" x="-32" />
		</Anchors>
	</FontString>

	<Frame name="StorylineOptionsTitledFrameTemplate" virtual="true">
		<Layers>
			<Layer>
				<FontString parentKey="Title" inherits="GameFontNormal">
					<Anchors>
						<Anchor point="TOPLEFT" />
					</Anchors>
				</FontString>
			</Layer>
		</Layers>
	</Frame>

	<!-- Storyline text options template
		Template for customization options for any text
		Provides:
		- A title (frame.Title)
		- A text sample for showing text rendered using the options (frame.TextSample)
		- Size slider (frame.SizeSlider)
		- Font dropdown (frame.FontDropDown)
		- Color picker (TODO) (frame.ColorPicker)
		- Font flags (TODO) (frame.FontFlags)
	-->
	<Frame name="StorylineTextOptionsTemplate" inherits="StorylineOptionsTitledFrameTemplate" virtual="true">
		<Layers>
			<Layer>
				<FontString parentKey="TextSample" inherits="StorylineTextOptionsSample" maxLines="1">
					<Anchors>
						<Anchor point="BOTTOMRIGHT" relativeKey="$parent" relativePoint="BOTTOMRIGHT" y="40" />
					</Anchors>
				</FontString>
			</Layer>
		</Layers>
		<Size y="80" />
		<Frames>
			<Slider name="$parentSizeSlider" parentKey="SizeSlider" inherits="OptionsSliderTemplate" obeyStepOnDrag="true">
				<Anchors>
					<Anchor point="BOTTOMLEFT" relativeKey="$parent" relativePoint="BOTTOMLEFT" y="5" x="5" />
				</Anchors>
				<Scripts>
					<OnLoad>
						self:SetMinMaxValues(9, 25);
						self:SetValueStep(1);
					</OnLoad>
				</Scripts>
			</Slider>
			<Frame name="$parentFontDropDown" parentKey="FontDropDown" inherits="UIDropDownMenuTemplate" enableMouse="true">
				<Anchors>
					<Anchor point="TOPLEFT" relativePoint="TOPRIGHT" relativeKey="$parent.SizeSlider" y="5" />
				</Anchors>
				<Scripts>
					<OnEnter>
						Storyline_RefreshTooltipForFrame(self);
					</OnEnter>
					<OnLeave>
						Storyline_MainTooltip:Hide();
					</OnLeave>
				</Scripts>
			</Frame>
		</Frames>
	</Frame>

	<!-- Storyline option frame child template
		Inherits StorylineOptionFrameTemplate and pre-populate parent value
	-->
	<Frame name="StorylineOptionFrameChildTemplate" inherits="StorylineOptionFrameTemplate" virtual="true">
		<KeyValues>
			<KeyValue key="parent" value="Storyline" />
		</KeyValues>
	</Frame>

	<!-- Storyline options checkbox with tooltip
		Inherits WoW's InterfaceOptionsCheckButtonTemplate and add script OnEnter to show tooltip if defined
	-->
	<CheckButton name="StorylineOptionsCheckboxWithTooltip" inherits="InterfaceOptionsCheckButtonTemplate" virtual="true">
		<Scripts>
			<OnEnter>
				if self.tooltip then
					GameTooltip:SetOwner(self, "ANCHOR_RIGHT");
					GameTooltip:SetText(self.tooltip, nil, nil, nil, nil, true);
				end
			</OnEnter>
		</Scripts>
	</CheckButton>

	<Frame name="StorylineOptionsPanel" inherits="StorylineOptionFrameTemplate" hidden="false">
		<KeyValues>
			<KeyValue key="name" value="Storyline" />
		</KeyValues>
		<Frames>
			<CheckButton parentKey="ForceGossip" inherits="StorylineOptionsCheckboxWithTooltip">
				<Anchors>
					<Anchor point="TOPLEFT" relativeKey="$parent.SubText" relativePoint="BOTTOMLEFT" y="-10"/>
					<Anchor point="LEFT" x="10"/>
				</Anchors>
			</CheckButton>
			<CheckButton parentKey="HideOriginalFrames" inherits="StorylineOptionsCheckboxWithTooltip">
				<Anchors>
					<Anchor point="TOPLEFT" relativeKey="$parent.ForceGossip" relativePoint="BOTTOMLEFT" y="-10"/>
				</Anchors>
			</CheckButton>
			<CheckButton parentKey="LockFrame" inherits="StorylineOptionsCheckboxWithTooltip">
				<Anchors>
					<Anchor point="TOPLEFT" relativeKey="$parent.HideOriginalFrames" relativePoint="BOTTOMLEFT" y="-10"/>
				</Anchors>
			</CheckButton>
			<CheckButton parentKey="UseLayoutEngine" inherits="StorylineOptionsCheckboxWithTooltip">
				<Anchors>
					<Anchor point="TOPLEFT" relativeKey="$parent.LockFrame" relativePoint="BOTTOMLEFT" y="-10"/>
				</Anchors>
			</CheckButton>
			<CheckButton parentKey="DisableInInstances" inherits="StorylineOptionsCheckboxWithTooltip">
				<Anchors>
					<Anchor point="TOP" relativeKey="$parent.HideOriginalFrames" relativePoint="TOP"/>
					<Anchor point="LEFT" x="250"/>
				</Anchors>
			</CheckButton>
			<CheckButton parentKey="DisableForDailies" inherits="StorylineOptionsCheckboxWithTooltip" hidden="true">
				<Anchors>
					<Anchor point="TOPLEFT" relativeKey="$parent.DisableInInstances" relativePoint="BOTTOMLEFT" y="-10"/>
				</Anchors>
			</CheckButton>
			<Frame name="$parentTextSpeed" parentKey="TextSpeed" inherits="StorylineOptionsTitledFrameTemplate">
				<Layers>
					<Layer>
						<FontString parentKey="TextSample" inherits="StorylineTextOptionsSample" />
					</Layer>
				</Layers>
				<Anchors>
					<Anchor point="TOPLEFT" relativeKey="$parent.UseLayoutEngine" relativePoint="BOTTOMLEFT" y="-20" />
					<Anchor point="RIGHT" x="-32" />
				</Anchors>
				<Frames>
					<Slider name="$parentSlider" parentKey="Slider" inherits="OptionsSliderTemplate" obeyStepOnDrag="true">
						<Anchors>
							<Anchor point="TOPLEFT" relativeKey="$parent.TextSample" relativePoint="BOTTOMLEFT" y="-20" />
						</Anchors>
						<Scripts>
							<OnLoad>
								self:SetMinMaxValues(0, 1.5);
								self:SetValueStep(0.1);
							</OnLoad>
						</Scripts>
					</Slider>
				</Frames>
			</Frame>
			<Frame parentKey="Locale">
				<Layers>
					<Layer>
						<FontString parentKey="Label" inherits="GameFontNormal" justifyH="LEFT" justifyV="TOP" />
					</Layer>
				</Layers>
				<Anchors>
					<Anchor point="TOP" relativePoint="BOTTOM" relativeTo="$parentTextSpeedSlider"/>
					<Anchor point="LEFT" x="15" />
					<Anchor point="RIGHT" x="-32" />
				</Anchors>
				<Size y="60"/>
				<Frames>
					<Frame name="StorylineOptionsLocaleDropDown" parentKey="DropDown" inherits="UIDropDownMenuTemplate" enableMouse="true">
						<Anchors>
							<Anchor point="TOPLEFT" relativePoint="BOTTOMLEFT" relativeKey="$parent.Label" y="-10" x="-10"/>
						</Anchors>
						<Scripts>
							<OnEnter>
								Storyline_RefreshTooltipForFrame(self);
							</OnEnter>
							<OnLeave>
								Storyline_MainTooltip:Hide();
							</OnLeave>
						</Scripts>
					</Frame>
				</Frames>
			</Frame>
		</Frames>
		<Scripts>
			<OnShow>

			</OnShow>
		</Scripts>
	</Frame>

	<Frame name="StorylineTextOptionsPanel" inherits="StorylineOptionFrameChildTemplate">
		<KeyValues>
			<KeyValue key="name" value="Text options" />
		</KeyValues>
		<Frames>
			<Frame name="$parentQuestTitle" parentKey="QuestTitle" inherits="StorylineTextOptionsTemplate">
				<Anchors>
					<Anchor point="TOPLEFT" relativeKey="$parent.SubText" relativePoint="BOTTOMLEFT" y="-10" />
					<Anchor point="RIGHT" x="-32" />
				</Anchors>
			</Frame>
			<Frame name="$parentDialogText" parentKey="DialogText" inherits="StorylineTextOptionsTemplate">
				<Anchors>
					<Anchor point="TOPLEFT" relativeKey="$parent.QuestTitle" relativePoint="BOTTOMLEFT" y="-10" />
					<Anchor point="RIGHT" x="-32" />
				</Anchors>
			</Frame>
			<Frame name="$parentNPCName" parentKey="NPCName" inherits="StorylineTextOptionsTemplate">
				<Anchors>
					<Anchor point="TOPLEFT" relativeKey="$parent.DialogText" relativePoint="BOTTOMLEFT" y="-10" />
					<Anchor point="RIGHT" x="-32" />
				</Anchors>
			</Frame>
			<Frame name="$parentNextAction" parentKey="NextAction" inherits="StorylineTextOptionsTemplate">
				<Anchors>
					<Anchor point="TOPLEFT" relativeKey="$parent.NPCName" relativePoint="BOTTOMLEFT" y="-10" />
					<Anchor point="RIGHT" x="-32" />
				</Anchors>
			</Frame>
		</Frames>
	</Frame>

	<Frame name="StorylineMiscellaneousOptionsPanel" inherits="StorylineOptionFrameChildTemplate">
		<KeyValues>
			<KeyValue key="name" value="Miscellaneous options" />
		</KeyValues>
		<Frames>
			<CheckButton parentKey="AutoEquip" inherits="StorylineOptionsCheckboxWithTooltip">
				<Anchors>
					<Anchor point="TOPLEFT" relativeKey="$parent.SubText" relativePoint="BOTTOMLEFT" y="-15"/>
				</Anchors>
			</CheckButton>
			<CheckButton parentKey="UseKeyboard" inherits="StorylineOptionsCheckboxWithTooltip">
				<Anchors>
					<Anchor point="TOPLEFT" relativeKey="$parent.AutoEquip" relativePoint="BOTTOMLEFT" y="-15"/>
				</Anchors>
			</CheckButton>
			<CheckButton parentKey="DebugMode" inherits="StorylineOptionsCheckboxWithTooltip">
				<Anchors>
					<Anchor point="BOTTOMLEFT" relativeKey="$parent" relativePoint="BOTTOMLEFT" x="5" y="5" />
				</Anchors>
			</CheckButton>
		</Frames>
	</Frame>

</Ui>