<Ui xmlns="http://www.blizzard.com/wow/ui/" xmlns:xsi="http://www.w3.org/2001/XMLSchema-instance"
	xsi:schemaLocation="http://www.blizzard.com/wow/ui/ http://wowprogramming.com/utils/xmlbrowser/live/FrameXML/UI.xsd">

	<!--
		Storyline
		Copyright 2015 Sylvain Cossement (telkostrasz@totalrp3.info)
		Copyright 2015 Renaud Parize (Ellypse) (renaud@parize.me)

		Licensed under the Apache License, Version 2.0 (the "License");
		you may not use this file except in compliance with the License.
		You may obtain a copy of the License at

			http://www.apache.org/licenses/LICENSE-2.0

		Unless required by applicable law or agreed to in writing, software
		distributed under the License is distributed on an "AS IS" BASIS,
		WITHOUT WARRANTIES OR CONDITIONS OF ANY KIND, either express or implied.
		See the License for the specific language governing permissions and
		limitations under the License.
	-->

	<Script file="locales.lua"/>

	<Include file="lib\lib.xml"/>

	<!-- Art pieces to hide border seams
	 	(copied from Blizzard, it adds a gradient texture between corners and borders so they blend)
	 -->
	<Frame name="Storyline_StandardParchmentFrame" virtual="true">
		<Layers>
			<Layer level="ARTWORK">
				<!-- CORNERS -->
				<Texture parentKey="BorderTopLeft" file="Interface\QuestionFrame\Question-Main">
					<Size x="209" y="158"/>
					<Anchors>
						<Anchor point="TOPLEFT" x="0" y="0"/>
					</Anchors>
					<TexCoords left="0.00195313" right="0.41015625" top="0.61718750" bottom="0.92578125"/>
				</Texture>
				<Texture parentKey="BorderTopRight" file="Interface\QuestionFrame\Question-Main">
					<Size x="209" y="158"/>
					<Anchors>
						<Anchor point="TOPRIGHT" x="0" y="0"/>
					</Anchors>
					<TexCoords left="0.41406250" right="0.82031250" top="0.61718750" bottom="0.92578125"/>
				</Texture>
				<Texture parentKey="BorderBottomLeft" file="Interface\QuestionFrame\Question-Main">
					<Size x="209" y="158"/>
					<Anchors>
						<Anchor point="BOTTOMLEFT" x="0" y="0"/>
					</Anchors>
					<TexCoords left="0.00195313" right="0.41015625" top="0.30468750" bottom="0.61328125"/>
				</Texture>
				<Texture parentKey="BorderBottomRight" file="Interface\QuestionFrame\Question-Main">
					<Size x="209" y="158"/>
					<Anchors>
						<Anchor point="BOTTOMRIGHT" x="0" y="0"/>
					</Anchors>
					<TexCoords left="0.41406250" right="0.82226563" top="0.30468750" bottom="0.61328125"/>
				</Texture>

				<!-- BORDERS -->
				<Texture parentKey="BorderLeft" file="Interface\QuestionFrame\Question-Vtile" vertTile="true">
					<Size x="93" y="256"/>
					<Anchors>
						<Anchor point="LEFT" x="2" y="0"/>
						<Anchor point="TOP" relativeKey="$parent.BorderTopLeft" relativePoint="BOTTOM"/>
						<Anchor point="BOTTOM" relativeKey="$parent.BorderBottomLeft" relativePoint="TOP"/>
					</Anchors>
					<TexCoords left="0.00390625" right="0.36718750" top="0.00000000" bottom="1.00000000"/>
				</Texture>
				<Texture parentKey="BorderRight" file="Interface\QuestionFrame\Question-Vtile" vertTile="true">
					<Size x="94" y="256"/>
					<Anchors>
						<Anchor point="RIGHT" x="0" y="0"/>
						<Anchor point="TOP" relativeKey="$parent.BorderTopRight" relativePoint="BOTTOM"/>
						<Anchor point="BOTTOM" relativeKey="$parent.BorderBottomRight" relativePoint="TOP"/>
					</Anchors>
					<TexCoords left="0.37500000" right="0.74218750" top="0.00000000" bottom="1.00000000"/>
				</Texture>
				<Texture parentKey="BottomBorder" file="Interface\QuestionFrame\Question-HTile" horizTile="true">
					<Size x="256" y="86"/>
					<Anchors>
						<Anchor point="BOTTOMLEFT" relativeKey="$parent.BorderBottomLeft" relativePoint="BOTTOMRIGHT"
								y="2"/>
						<Anchor point="BOTTOMRIGHT" relativeKey="$parent.BorderBottomRight" relativePoint="BOTTOMLEFT"
								y="2"/>
					</Anchors>
					<TexCoords left="0.00000000" right="1.00000000" top="0.17187500" bottom="0.33984375"/>
				</Texture>
				<Texture parentKey="TopBorder" file="Interface\QuestionFrame\Question-HTile" horizTile="true">
					<Size x="256" y="91"/>
					<Anchors>
						<Anchor point="TOPLEFT" relativeKey="$parent.BorderTopLeft" relativePoint="TOPRIGHT" y="-1"/>
						<Anchor point="TOPRIGHT" relativeKey="$parent.BorderTopRight" relativePoint="TOPLEFT" y="-1"/>
					</Anchors>
					<TexCoords left="0.00000000" right="1.00000000" top="0.34375000" bottom="0.52148438"/>
				</Texture>
			</Layer>
			<Layer level="ARTWORK" textureSubLevel="2">
				<Texture parentKey="LeftHide" inherits="QuestChoiceLeftHide">
					<Anchors>
						<Anchor point="TOPLEFT" relativeKey="$parent.BorderTopLeft" relativePoint="BOTTOMLEFT" x="10"
								y="10"/>
					</Anchors>
				</Texture>
				<Texture parentKey="LeftHide2" inherits="QuestChoiceLeftHide">
					<Anchors>
						<Anchor point="BOTTOMLEFT" relativeKey="$parent.BorderBottomLeft" relativePoint="TOPLEFT" x="10"
								y="-10"/>
					</Anchors>
				</Texture>
				<Texture parentKey="RightHide" inherits="QuestChoiceRightHide">
					<Anchors>
						<Anchor point="TOPRIGHT" relativeKey="$parent.BorderTopRight" relativePoint="BOTTOMRIGHT" x="-8"
								y="8"/>
					</Anchors>
				</Texture>
				<Texture parentKey="RightHide2" inherits="QuestChoiceRightHide">
					<Anchors>
						<Anchor point="BOTTOMRIGHT" relativeKey="$parent.BorderBottomRight" relativePoint="TOPRIGHT"
								x="-10" y="-10"/>
					</Anchors>
				</Texture>
				<Texture parentKey="BottomHide" inherits="QuestChoiceBottomHide">
					<Anchors>
						<Anchor point="BOTTOMLEFT" relativeKey="$parent.BorderBottomLeft" relativePoint="BOTTOMRIGHT"
								x="-10" y="11"/>
					</Anchors>
				</Texture>
				<Texture parentKey="BottomHide2" inherits="QuestChoiceBottomHide">
					<Anchors>
						<Anchor point="BOTTOMRIGHT" relativeKey="$parent.BorderBottomRight" relativePoint="BOTTOMLEFT"
								x="15" y="11"/>
					</Anchors>
				</Texture>
			</Layer>
			<Layer level="BACKGROUND">
				<Texture file="Interface\QuestionFrame\question-background" vertTile="true" horizTile="true">
					<Anchors>
						<Anchor point="TOPLEFT" x="20" y="-20"/>
						<Anchor point="BOTTOMRIGHT" x="-20" y="20"/>
					</Anchors>
				</Texture>
			</Layer>
		</Layers>
		<Anchors>
			<Anchor point="CENTER" x="0" y="0"/>
		</Anchors>
	</Frame>

	<Button name="Storyline_ChoiceButton" virtual="true" hidden="false">
		<Size x="0" y="16"/>
		<Scripts>
			<OnEnter>
				Storyline_RefreshTooltipForFrame(self);
			</OnEnter>
			<OnLeave>
				Storyline_MainTooltip:Hide();
			</OnLeave>
			<PostClick>
				PlaySound("gsCharacterSelection","SFX");
			</PostClick>
		</Scripts>
		<HighlightTexture file="Interface\QuestFrame\UI-QuestTitleHighlight" alphaMode="ADD"/>
		<ButtonText justifyH="CENTER">
			<Anchors>
				<Anchor point="LEFT" x="25" y="0"/>
				<Anchor point="RIGHT" x="-20" y="0"/>
			</Anchors>
		</ButtonText>
		<NormalFont style="QuestFontLeft"/>
	</Button>

	<Button name="Storyline_MultiChoiceButton" inherits="Storyline_InvisibleButton" virtual="true">
		<Size x="0" y="20"/>
		<Layers>
			<Layer level="OVERLAY">
				<FontString parentKey="Text" inherits="GameFontNormal" justifyH="LEFT" justifyV="MIDDLE" setAllPoints="true">
					<Anchors>
						<Anchor point="LEFT" x="0" y="0"/>
						<Anchor point="RIGHT" x="0" y="0"/>
					</Anchors>
					<Color r="0.95" g="0.75" b="0"/>
				</FontString>
			</Layer>
		</Layers>
		<Scripts>
			<OnEnter>
				self.Text:SetTextColor(0.95, 0.95, 0.95);
			</OnEnter>
			<OnLeave>
				self.Text:SetTextColor(0.95, 0.75, 0);
			</OnLeave>
			<OnMouseDown>
				self.Text:SetPoint("LEFT", 2, -2);
				self.Text:SetPoint("RIGHT", 2, -2);
			</OnMouseDown>
			<OnMouseUp>
				self.Text:SetPoint("LEFT", 0, 0);
				self.Text:SetPoint("RIGHT", 0, 0);
			</OnMouseUp>
		</Scripts>
	</Button>

	<Frame name="Storyline_NPCFrame" inherits="Storyline_StandardParchmentFrame" toplevel="true" parent="UIParent" frameStrata="MEDIUM" enableMouse="true" clampedToScreen="true" hidden="true" movable="true">
		<Size x="700" y="450"/>

		<Scripts>
			<OnLoad>
				tinsert(UISpecialFrames, self:GetName());
			</OnLoad>
		</Scripts>

		<Layers>
			<Layer level="BORDER">
				<Texture name="Storyline_NPCFrameBG" file="Interface\DRESSUPFRAME\DressUpBackground-NightElf1" alpha="0.5">
					<Anchors>
						<Anchor point="TOPLEFT" x="20" y="-20"/>
						<Anchor point="BOTTOMRIGHT" x="-20" y="20"/>
					</Anchors>
				</Texture>
			</Layer>
			<Layer level="OVERLAY" textureSubLevel="3">
				<Texture name="Storyline_NPCFrameBanner" parentKey="banner" atlas="GarrMission_RewardsBanner-Desaturate" useAtlasSize="false">
					<Size x="384" y="96"/>
					<Anchors>
						<Anchor point="TOP" x="0" y="0"/>
					</Anchors>
				</Texture>
				<FontString name="Storyline_NPCFrameTitle" parentKey="title" inherits="GameFontNormalLarge" justifyH="CENTER" justifyV="MIDDLE">
					<Size x="230" y="50"/>
					<Anchors>
						<Anchor point="CENTER" x="0" y="8" relativeTo="Storyline_NPCFrameBanner" relativePoint="CENTER"/>
					</Anchors>
				</FontString>
			</Layer>
		</Layers>
		<Frames>

			<Frame name="Storyline_NPCFrameModels" parentKey="models" frameStrata="MEDIUM">
				<Size x="0" y="0"/>
				<Anchors>
					<Anchor point="TOP" x="0" y="-20"/>
					<Anchor point="BOTTOM" x="0" y="20"/>
					<Anchor point="LEFT" x="20" y="0"/>
					<Anchor point="RIGHT" x="-20" y="0"/>
				</Anchors>
				<Frames>
					<Frame name="Storyline_NPCFrameModelsPoint">
						<Size x="10" y="10"/>
						<Anchors>
							<Anchor point="CENTER" x="0" y="0"/>
						</Anchors>
					</Frame>
					<CinematicModel name="Storyline_NPCFrameModelsMe" parentKey="me" setAllPoints="true">
						<Frames>
							<Button parentKey="scroll" enableMouse="true">
								<Anchors>
									<Anchor point="TOP" x="0" y="-50"/>
									<Anchor point="LEFT" x="75" y="0"/>
									<Anchor point="BOTTOM" x="0" y="50"/>
									<Anchor point="RIGHT" relativePoint="CENTER" relativeTo="Storyline_NPCFrameModelsPoint" x="-75" y="0"/>
								</Anchors>
							</Button>
						</Frames>
					</CinematicModel>
					<CinematicModel name="Storyline_NPCFrameModelsYou" parentKey="you" setAllPoints="true">
						<Frames>
							<Button parentKey="scroll" enableMouse="true">
								<Anchors>
									<Anchor point="TOP" x="0" y="-50"/>
									<Anchor point="RIGHT" x="-75" y="0"/>
									<Anchor point="BOTTOM" x="0" y="50"/>
									<Anchor point="LEFT" relativePoint="CENTER" relativeTo="Storyline_NPCFrameModelsPoint" x="75" y="0"/>
								</Anchors>
							</Button>
						</Frames>
					</CinematicModel>
					<Button name="Storyline_NPCFrameChatOption1" inherits="Storyline_ChoiceButton" frameStrata="HIGH"/>
					<Button name="Storyline_NPCFrameChatOption2" inherits="Storyline_ChoiceButton" frameStrata="HIGH"/>
					<Button name="Storyline_NPCFrameChatOption3" inherits="Storyline_ChoiceButton" frameStrata="HIGH"/>
					<Frame name="Storyline_NPCFrameGossipChoices" inherits="Storyline_HoveredFrame" hidden="true">
						<Size x="325" y="150"/>
						<Layers>
							<Layer level="OVERLAY">
								<FontString parentKey="Title" inherits="GameFontNormal" justifyH="CENTER" justifyV="TOP">
									<Size x="0" y="20"/>
									<Anchors>
										<Anchor point="TOP" x="0" y="-10"/>
										<Anchor point="LEFT" x="10" y="0"/>
										<Anchor point="RIGHT" x="-10" y="0"/>
									</Anchors>
									<Color r="0.95" g="0.95" b="0.95"/>
								</FontString>
							</Layer>
						</Layers>
					</Frame>
				</Frames>
			</Frame>

			<Frame name="Storyline_NPCFrameChat" parentKey="chat" frameStrata="HIGH">
				<Backdrop bgFile="Interface\DialogFrame\UI-DialogBox-Background" edgeFile="Interface\GLUES\COMMON\TextPanel-Border" tile="true">
					<EdgeSize>
						<AbsValue val="16"/>
					</EdgeSize>
					<TileSize>
						<AbsValue val="16"/>
					</TileSize>
					<BackgroundInsets>
						<AbsInset left="3" right="3" top="3" bottom="3"/>
					</BackgroundInsets>
				</Backdrop>
				<Size x="0" y="150"/>
				<Anchors>
					<Anchor point="BOTTOM" x="0" y="25"/>
					<Anchor point="LEFT" x="30" y="0"/>
					<Anchor point="RIGHT" x="-30" y="0"/>
				</Anchors>
				<Layers>
					<Layer level="BACKGROUND">
						<Texture file="Interface\Tooltips\CHATBUBBLE-TAIL">
							<Size x="32" y="32"/>
							<Anchors>
								<Anchor point="BOTTOMRIGHT" relativePoint="TOPRIGHT" x="-40" y="-3"/>
							</Anchors>
							<TexCoords left="1" right="0" top="1" bottom="0"/>
						</Texture>
					</Layer>
					<Layer level="OVERLAY">
						<FontString name="Storyline_NPCFrameChatName" parentKey="name" text="[TEXT]" inherits="GameFontNormalLarge" justifyH="RIGHT" justifyV="TOP">
							<Anchors>
								<Anchor point="TOPLEFT" x="50" y="-12"/>
								<Anchor point="TOPRIGHT" x="-50" y="-12"/>
							</Anchors>
							<Color r="1" g="0.75" b="0.0"/>
						</FontString>
						<FontString name="Storyline_NPCFrameChatText" parentKey="text" text="[NAME]" inherits="GameFontNormalLarge" justifyH="LEFT" justifyV="TOP">
							<Anchors>
								<Anchor point="TOPLEFT" relativeTo="Storyline_NPCFrameChatName" relativePoint="BOTTOMLEFT" x="0" y="-10"/>
							</Anchors>
							<Color r="1" g="1" b="0.4"/>
						</FontString>
						<FontString name="Storyline_NPCFrameChatNextText" text="[POUIC]" inherits="GameFontNormalSmall" justifyH="RIGHT" justifyV="BOTTOM">
							<Anchors>
								<Anchor point="BOTTOM" x="0" y="17"/>
							</Anchors>
							<Color r="1" g="1" b="0.4"/>
						</FontString>
					</Layer>
				</Layers>
				<Frames>
					<Frame name="Storyline_NPCFrameChatHighlight" inherits="GlowBorderTemplate" hidden="true">
						<Anchors>
							<Anchor point="TOPLEFT" x="5" y="-2"/>
							<Anchor point="BOTTOMRIGHT" x="-3" y="0"/>
						</Anchors>
						<Scripts>
							<OnLoad>
								self:SetAlpha(0.15);
							</OnLoad>
						</Scripts>
					</Frame>
					<Button name="Storyline_NPCFrameChatNext" parentKey="next" inherits="Storyline_InvisibleButton" setAllPoints="true" frameLevel="4">
						<Scripts>
							<OnEnter>
								Storyline_NPCFrameChatHighlight:Show();
							</OnEnter>
							<OnLeave>
								Storyline_NPCFrameChatHighlight:Hide();
							</OnLeave>
						</Scripts>
					</Button>
					<Button name="Storyline_NPCFrameChatPrevious" parentKey="previous" frameLevel="5">
						<Size x="35" y="35"/>
						<Anchors>
							<Anchor point="BOTTOMRIGHT" x="-5" y="5"/>
						</Anchors>
						<NormalTexture file="Interface\Buttons\UI-RotationLeft-Button-Up" />
						<PushedTexture file="Interface\Buttons\UI-RotationLeft-Button-Down"/>
						<HighlightTexture file="Interface\Buttons\ButtonHilight-Round" alphaMode="ADD"/>
					</Button>
				</Frames>
			</Frame>

			<Button name="Storyline_NPCFrameObjectives" frameStrata="HIGH">
				<Size x="70" y="70"/>
				<Anchors>
					<Anchor point="TOP" x="0" y="-100"/>
				</Anchors>
				<Layers>
					<Layer level="BORDER" textureSubLevel="1">
						<Texture name="Storyline_NPCFrameObjectiveHolo" file="Interface\UNITPOWERBARALT\PandarenTrainingLarge_Circular_Flash" alphaMode="ADD" alpha="0.5">
							<Size x="108" y="108"/>
							<Anchors>
								<Anchor point="CENTER" x="0" y="0"/>
							</Anchors>
						</Texture>
					</Layer>
					<Layer level="BORDER" textureSubLevel="2">
						<Texture name="Storyline_NPCFrameObjectivesImage" file="Interface\FriendsFrame\FriendsFrameScrollIcon">
							<Size x="48" y="48"/>
							<Anchors>
								<Anchor point="CENTER" x="0" y="0"/>
							</Anchors>
						</Texture>
					</Layer>
					<Layer level="BORDER" textureSubLevel="3">
						<Texture file="Interface\UNITPOWERBARALT\PandarenTrainingLarge_Circular_Frame">
							<Size x="100" y="100"/>
							<Anchors>
								<Anchor point="CENTER" x="0" y="0"/>
							</Anchors>
						</Texture>
					</Layer>
					<Layer level="ARTWORK">
						<Texture parentKey="OK" file="Interface\RAIDFRAME\ReadyCheck-Ready" hidden="true">
							<Size x="40" y="40"/>
							<Anchors>
								<Anchor point="CENTER" x="0" y="0"/>
							</Anchors>
						</Texture>
					</Layer>
				</Layers>
				<Scripts>
					<OnLeave>
						Storyline_MainTooltip:Hide();
						Storyline_NPCFrameObjectiveHolo:SetAlpha(0.5);
					</OnLeave>
					<OnEnter>
						Storyline_NPCFrameObjectiveHolo:SetAlpha(0.75);
						Storyline_RefreshTooltipForFrame(self);
					</OnEnter>
				</Scripts>
				<Frames>
					<Button name="Storyline_NPCFrameObjectivesYes" inherits="Storyline_InvisibleButton">
						<Size x="40" y="40"/>
						<Anchors>
							<Anchor point="RIGHT" relativePoint="LEFT" x="0" y="0"/>
						</Anchors>
						<NormalTexture file="Interface\RAIDFRAME\ReadyCheck-Ready"/>
						<HighlightTexture file="Interface\PETBATTLES\PetBattle-SelectedPetGlow"/>
					</Button>
					<Button name="Storyline_NPCFrameObjectivesNo" inherits="Storyline_InvisibleButton">
						<Size x="40" y="40"/>
						<Anchors>
							<Anchor point="LEFT" relativePoint="RIGHT" x="0" y="0"/>
						</Anchors>
						<NormalTexture file="Interface\RAIDFRAME\ReadyCheck-NotReady"/>
						<HighlightTexture file="Interface\PETBATTLES\PetBattle-SelectedPetGlow"/>
					</Button>

					<Frame name="Storyline_NPCFrameObjectivesContent" inherits="Storyline_HoveredFrame" hidden="true">
						<Size x="325" y="150"/>
						<Layers>
							<Layer level="OVERLAY">
								<FontString parentKey="Title" inherits="GameFontNormalLarge" justifyH="CENTER" justifyV="TOP">
									<Size x="0" y="20"/>
									<Anchors>
										<Anchor point="TOP" x="0" y="-10"/>
										<Anchor point="LEFT" x="10" y="0"/>
										<Anchor point="RIGHT" x="-10" y="0"/>
									</Anchors>
								</FontString>
								<FontString parentKey="Objectives" inherits="GameFontNormal" justifyH="LEFT" justifyV="TOP">
									<Size x="310" y="0"/>
									<Anchors>
										<Anchor point="TOP" relativePoint="BOTTOM" relativeKey="$parent.Title" x="0" y="-5"/>
										<!--<Anchor point="LEFT" x="10" y="0"/>-->
										<!--<Anchor point="RIGHT" x="-10" y="0"/>-->
									</Anchors>
									<Color r="0.95" g="0.95" b="0.95"/>
								</FontString>
								<FontString parentKey="GroupSuggestion" inherits="GameFontNormal" justifyH="LEFT"
											justifyV="TOP">
									<Size x="0" y="0"/>
									<Anchors>
										<Anchor point="TOP" relativePoint="BOTTOM"
												relativeKey="$parent.Objectives" x="0" y="-5"/>
										<Anchor point="LEFT" x="10" y="0"/>
										<Anchor point="RIGHT" x="-10" y="0"/>
									</Anchors>
									<Color r="0.95" g="0.65" b="0"/>
								</FontString>
								<FontString parentKey="RequiredItemText" inherits="GameFontNormal" justifyH="LEFT" justifyV="TOP">
									<Size x="0" y="0"/>
									<Anchors>
										<Anchor point="TOP" relativePoint="BOTTOM" relativeKey="$parent.Objectives" x="0" y="-5"/>
										<Anchor point="LEFT" x="10" y="0"/>
										<Anchor point="RIGHT" x="-10" y="0"/>
									</Anchors>
									<Color r="0.95" g="0.65" b="0"/>
								</FontString>
							</Layer>
						</Layers>
					</Frame>
				</Frames>
			</Button>

			<Frame name="Storyline_NPCFrameRewards" setAllPoints="true" frameStrata="HIGH">
				<Layers>
					<Layer level="BORDER" textureSubLevel="1">
						<Texture name="Storyline_NPCFrameRewardsHolo" file="Interface\UNITPOWERBARALT\PandarenTrainingLarge_Circular_Flash" alphaMode="ADD" alpha="0.5">
							<Size x="256" y="256"/>
							<Anchors>
								<Anchor point="CENTER" x="-3" y="100"/>
							</Anchors>
						</Texture>
					</Layer>
					<Layer level="BORDER" textureSubLevel="2">
						<Texture file="Interface\ExtraButton\GarrZoneAbility-TradingPost">
							<Size x="256" y="128"/>
							<Anchors>
								<Anchor point="CENTER" x="-3" y="100"/>
							</Anchors>
						</Texture>
					</Layer>
				</Layers>
				<Frames>
					<Button name="Storyline_NPCFrameRewardsItem" inherits="Storyline_IconButton">
						<Anchors>
							<Anchor point="CENTER" x="0" y="66"/>
						</Anchors>
						<Scripts>
							<OnEnter>
								if Storyline_NPCFrameRewards.itemLink then
									GameTooltip:SetOwner(self, "ANCHOR_TOP", 0, 20);
									GameTooltip:SetHyperlink(Storyline_NPCFrameRewards.itemLink);
									GameTooltip:Show();
								end
								Storyline_NPCFrameRewardsHolo:SetAlpha(0.75);
								Storyline_RefreshTooltipForFrame(self);
							</OnEnter>
							<OnLeave>
								GameTooltip:Hide();
								Storyline_MainTooltip:Hide();
								Storyline_NPCFrameRewardsHolo:SetAlpha(0.5);
							</OnLeave>
						</Scripts>
					</Button>

					<Frame parentKey="Content" inherits="Storyline_HoveredFrame" hidden="true">
						<Size x="325" y="150"/>
						<Layers>
							<Layer level="OVERLAY">
								<FontString parentKey="Title" inherits="GameFontNormalLarge" justifyH="CENTER" justifyV="TOP">
									<Size x="0" y="20"/>
									<Anchors>
										<Anchor point="TOP" x="0" y="-10"/>
										<Anchor point="LEFT" x="10" y="0"/>
										<Anchor point="RIGHT" x="-10" y="0"/>
									</Anchors>
								</FontString>
								<FontString parentKey="RewardText1" inherits="GameFontNormal" justifyH="LEFT" justifyV="TOP">
									<Size x="0" y="0"/>
									<Anchors>
										<Anchor point="TOP" relativePoint="BOTTOM" relativeKey="$parent.Title" x="0" y="-5"/>
										<Anchor point="LEFT" x="10" y="0"/>
										<Anchor point="RIGHT" x="-10" y="0"/>
									</Anchors>
									<Color r="0.95" g="0.95" b="0.95"/>
								</FontString>
								<FontString parentKey="RewardText1Value" inherits="GameFontNormal" justifyH="LEFT" justifyV="TOP">
									<Size x="0" y="0"/>
									<Anchors>
										<Anchor point="TOP" relativePoint="BOTTOM" relativeKey="$parent.RewardText1" x="0" y="-5"/>
										<Anchor point="LEFT" x="20" y="0"/>
										<Anchor point="RIGHT" x="-20" y="0"/>
									</Anchors>
									<Color r="0.95" g="0.95" b="0.95"/>
								</FontString>
								<FontString parentKey="RewardText2" inherits="GameFontNormal" justifyH="LEFT" justifyV="TOP">
									<Size x="0" y="0"/>
									<Anchors>
										<Anchor point="TOP" relativePoint="BOTTOM" relativeKey="$parent.RewardText1Value" x="0" y="-5"/>
										<Anchor point="LEFT" x="10" y="0"/>
										<Anchor point="RIGHT" x="-10" y="0"/>
									</Anchors>
									<Color r="0.95" g="0.95" b="0.95"/>
								</FontString>
								<FontString parentKey="RewardText3" inherits="GameFontNormal" justifyH="LEFT" justifyV="TOP">
									<Size x="0" y="0"/>
									<Anchors>
										<Anchor point="TOP" relativePoint="BOTTOM" relativeKey="$parent.RewardText2" x="0" y="-5"/>
										<Anchor point="LEFT" x="10" y="0"/>
										<Anchor point="RIGHT" x="-10" y="0"/>
									</Anchors>
									<Color r="0.95" g="0.95" b="0.95"/>
								</FontString>
								<FontString parentKey="RewardTextSpell" inherits="GameFontNormal" justifyH="LEFT" justifyV="TOP">
									<Size x="0" y="0"/>
									<Anchors>
										<Anchor point="TOP" relativePoint="BOTTOM" relativeKey="$parent.RewardText3" x="0" y="-5"/>
										<Anchor point="LEFT" x="10" y="0"/>
										<Anchor point="RIGHT" x="-10" y="0"/>
									</Anchors>
									<Color r="0.95" g="0.95" b="0.95"/>
								</FontString>
							</Layer>
						</Layers>
						<Frames>
							<Button parentKey="SpellFrame" inherits="SmallItemButtonTemplate, QuestInfoRewardSpellCodeTemplate" hidden="true">
								<Anchors>
									<Anchor point="TOP" relativePoint="BOTTOM" relativeKey="$parent.RewardTextSpell" x="0" y="-5"/>
									<Anchor point="LEFT" x="10" y="0"/>
								</Anchors>
							</Button>
							<Button parentKey="FollowerFrame" inherits="QuestInfoRewardFollowerTemplate" hidden="true">
								<Anchors>
									<Anchor point="TOP" relativePoint="BOTTOM" relativeKey="$parent.RewardTextSpell" x="0" y="-5"/>
									<Anchor point="LEFT" x="10" y="0"/>
								</Anchors>
							</Button>
						</Frames>
					</Frame>
				</Frames>
			</Frame>

			<!--         -->
			<!-- BUTTONS -->
			<!--         -->

			<Button name="Storyline_NPCFrameClose" inherits="UIPanelCloseButton" frameStrata="HIGH">
				<Anchors>
					<Anchor point="TOPRIGHT" x="-5" y="-10"/>
				</Anchors>
			</Button>
			<CheckButton name="Storyline_NPCFrameLock">
				<Size x="32" y="32" />
				<Anchors>
					<Anchor point="TOPRIGHT" relativeTo="Storyline_NPCFrameClose" relativePoint="TOPLEFT" x="12"/>
				</Anchors>
				<NormalTexture file="Interface\Buttons\LockButton-Unlocked-Up" />
				<PushedTexture file="Interface\Buttons\LockButton-Unlocked-Down" />
				<HighlightTexture file="Interface\Buttons\UI-Panel-MinimizeButton-Highlight" alphaMode="ADD" />
				<CheckedTexture file="Interface\Buttons\LockButton-Locked-Up" />
				<Scripts>
					<OnClick>
						Storyline_API.layout.lockFrame(self:GetChecked());
						StorylineOptionsPanel.LockFrame:SetChecked(self:GetChecked());
						PlaySound("gsCharacterSelection","SFX");
					</OnClick>
					<OnEnter>
						Storyline_RefreshTooltipForFrame(self);
					</OnEnter>
					<OnLeave>
						Storyline_MainTooltip:Hide();
					</OnLeave>
				</Scripts>
			</CheckButton>

			<Button name="Storyline_NPCFrameResizeButton" inherits="Storyline_ResizeButton" frameStrata="HIGH" hidden="false">
				<KeyValues>
					<KeyValue key="resizableFrame" value="Storyline_NPCFrame" type="global"/>
					<KeyValue key="minWidth" value="700" type="number"/>
					<KeyValue key="minHeight" value="450" type="number"/>
				</KeyValues>
				<Anchors>
					<Anchor point="BOTTOMRIGHT" x="-5" y="10"/>
				</Anchors>
			</Button>

			<Button name="Storyline_NPCFrameConfigButton" inherits="BrowserButtonTemplate" frameStrata="HIGH">
				<Anchors>
					<Anchor point="BOTTOMLEFT" x="5" y="10"/>
				</Anchors>
				<Layers>
					<Layer level="ARTWORK" textureSubLevel="5">
						<Texture parentKey="Icon" file="Interface\Buttons\UI-OptionsButton">
							<Size x="16" y="16"/>
							<Anchors>
								<Anchor point="CENTER" />
							</Anchors>
						</Texture>
					</Layer>
				</Layers>
				<Scripts>
					<OnClick>
						InterfaceOptionsFrame_OpenToCategory(StorylineOptionsPanel);
						if not self.shown then -- Dirty fix for the Interface frame shitting itself the first time
							self.shown = true;
							InterfaceOptionsFrame_OpenToCategory(StorylineOptionsPanel);
						end
					</OnClick>
				</Scripts>
			</Button>

		</Frames>
	</Frame>

	<Include file="options.xml"/>
	<Include file="debug.xml"/>

	<Script file="consolePort.lua"/>
	<Script file="layout.lua"/>
	<Script file="utils.lua"/>
	<Script file="selections.lua"/>
	<Script file="events.lua"/>
	<Script file="options.lua"/>
	<Script file="logic.lua"/>
</Ui>