<Ui xmlns="http://www.blizzard.com/wow/ui/" xmlns:xsi="http://www.w3.org/2001/XMLSchema-instance"
    xsi:schemaLocation="http://www.blizzard.com/wow/ui/..\FrameXML\UI.xsd">
    <Frame name="DJBagsBankBarSettings" hidden="false" virtual="true">
        <Size x="500" y="65"/>
        <Backdrop bgFile="Interface\ChatFrame\ChatFrameBackground" edgeFile="Interface\Buttons\WHITE8x8">
            <EdgeSize>
                <AbsValue val="1" />
            </EdgeSize>
            <Color r="0" g="0" b="0" a="0.6" />
            <BorderColor r="0.3" g="0.3" b="0.3" a="1" />
        </Backdrop>
        <Layers>
            <Layer level="ARTWORK">
                <FontString name="$parentName" inherits="GameFontNormal" text="DJBags_LOCALE_BANK_BAR_SETTINGS">
                    <Anchors>
                        <Anchor point="TOPLEFT" x="15" y="-5"/>
                    </Anchors>
                </FontString>
            </Layer>
        </Layers>
        <Frames>
            <Button name="$parentBackgroundColorSelect" inherits="DJBagsColorPickerTemplate" text="DJBags_LOCALE_BACKGROUND_COLOR">
                <Anchors>
                    <Anchor point="TOPLEFT" relativeTo="$parentName" relativePoint="BOTTOMLEFT" x="5" y="-15" />
                </Anchors>
                <Scripts>
                    <OnShow>
                        DJBagsInitSettingsColorPicker(self, DJBags_TYPE_BANK_BAR, DJBags_SETTING_BACKGROUND_COLOR)
                    </OnShow>
                </Scripts>
            </Button>
            <Button name="$parentBorderColorSelect" inherits="DJBagsColorPickerTemplate" text="DJBags_LOCALE_BORDER_COLOR">
                <Anchors>
                    <Anchor point="LEFT" relativeTo="$parentBackgroundColorSelect" relativePoint="RIGHT" x="5" y="0" />
                </Anchors>
                <Scripts>
                    <OnShow>
                        DJBagsInitSettingsColorPicker(self, DJBags_TYPE_BANK_BAR, DJBags_SETTING_BORDER_COLOR)
                    </OnShow>
                </Scripts>
            </Button>
        </Frames>
    </Frame>
</Ui>
