<Ui xmlns="http://www.blizzard.com/wow/ui/" xmlns:xsi="http://www.w3.org/2001/XMLSchema-instance"
    xsi:schemaLocation="http://www.blizzard.com/wow/ui/..\FrameXML\UI.xsd">
    <Frame name="DJBagsCategoryDialog" parent="UIParent" inherits="DJBagsContainerTemplate" hidden="true">
        <Size x="450" y="90"/>
        <Anchors>
            <Anchor point="CENTER" />
        </Anchors>
        <Layers>
            <Layer level="ARTWORK">
                <FontString name="$parentName" parentKey="name" inherits="GameFontNormal">
                    <Anchors>
                        <Anchor point="TOP" y="-5"/>
                    </Anchors>
                </FontString>
            </Layer>
        </Layers>
        <Frames>
            <EditBox name="$parentCategoryEdit" parentKey="edit">
                <Backdrop bgFile="Interface\ChatFrame\ChatFrameBackground" edgeFile="Interface\Buttons\WHITE8x8">
                    <EdgeSize>
                        <AbsValue val="1" />
                    </EdgeSize>
                    <Color r="0" g="0" b="0" a="0.6" />
                    <BorderColor r="0.3" g="0.3" b="0.3" a="1" />
                </Backdrop>
                <Size x="300" y="25" />
                <Anchors>
                    <Anchor point="TOPLEFT" x="5" y="-25" />
                </Anchors>
                <FontString inherits="GameFontNormal" />
                <Scripts>
                    <OnLoad>
                        self:SetAutoFocus(false)
                    </OnLoad>
                    <OnEscapePressed>
                        self:ClearFocus()
                    </OnEscapePressed>
                    <OnEnterPressed>
                        DJBagsCategoryDialog_Done()
                    </OnEnterPressed>
                </Scripts>
            </EditBox>
            <Button name="$parentDropDown" parentKey="dropdown" inherits="UIDropDownMenuTemplate">
                <Anchors>
                    <Anchor point="LEFT" relativeTo="$parentCategoryEdit" relativePoint="RIGHT" x="5" y="-3" />
                </Anchors>
                <Scripts>
                    <OnLoad>
                        UIDropDownMenu_SetWidth(self, 100);
                        UIDropDownMenu_SetButtonWidth(self, 124)
                        UIDropDownMenu_JustifyText(self, "LEFT")
                    </OnLoad>
                </Scripts>
            </Button>
            <Button name="$parentOK" inherits="UIPanelButtonTemplate" text="DONE">
                <Size x="75" y="25" />
                <Anchors>
                    <Anchor point="BOTTOMRIGHT" relativeTo="$parent" relativePoint="BOTTOMRIGHT" x="-5" y="5" />
                </Anchors>
                <Scripts>
                    <OnClick>
                        DJBagsCategoryDialog_Done()
                    </OnClick>
                </Scripts>
            </Button>
            <Button name="$parentClear" inherits="UIPanelButtonTemplate" text="RESET">
                <Size x="75" y="25" />
                <Anchors>
                    <Anchor point="BOTTOMLEFT" relativeTo="$parent" relativePoint="BOTTOMLEFT" x="5" y="5" />
                </Anchors>
                <Scripts>
                    <OnClick>
                        DJBagsCategoryDialog_Clear()
                    </OnClick>
                </Scripts>
            </Button>
            <CheckButton name="$parentGlobal" parentKey="global" inherits="UICheckButtonTemplate">
                <Anchors>
                    <Anchor point="RIGHT" relativeTo="$parentOK" relativePoint="LEFT" x="-50" />
                </Anchors>
                <Scripts>
                    <OnLoad>
                        _G[self:GetName() .. 'Text']:SetText(DJBags_LOCALE_GLOBAL)
                    </OnLoad>
                </Scripts>
            </CheckButton>
        </Frames>
        <Scripts>
            <OnLoad>
                table.insert(UISpecialFrames, self:GetName())
                self:RegisterForDrag("LeftButton")
                self:SetScript("OnDragStart", self.StartMoving)
                self:SetScript("OnDragStop", self.StopMovingOrSizing)
                self:SetUserPlaced(true)
            </OnLoad>
        </Scripts>
    </Frame>
</Ui>
