<Ui xmlns="http://www.blizzard.com/wow/ui/" xmlns:xsi="http://www.w3.org/2001/XMLSchema-instance"
    xsi:schemaLocation="http://www.blizzard.com/wow/ui/..\FrameXML\UI.xsd">
    <Button name="DJBagsColorPickerTemplate" virtual="true">
        <Size x="150" y="25"/>
        <Backdrop bgFile="Interface\ChatFrame\ChatFrameBackground" edgeFile="Interface\Buttons\WHITE8x8">
            <EdgeSize>
                <AbsValue val="1"/>
            </EdgeSize>
        </Backdrop>
        <NormalFont style="GameFontHighlight"/>
        <HighlightFont style="GameFontHighlight"/>
        <DisabledFont style="GameFontDisable"/>
        <Scripts>
            <OnClick>
                DJBagsSettingsColorPicker_OnClick(self)
            </OnClick>
        </Scripts>
    </Button>
</Ui>