<Ui xmlns="http://www.blizzard.com/wow/ui/" xmlns:xsi="http://www.w3.org/2001/XMLSchema-instance"
    xsi:schemaLocation="http://www.blizzard.com/wow/ui/..\FrameXML\UI.xsd">
    <Frame name="DJBagsSubClassSettings" hidden="false" virtual="true">
        <Size x="500" y="150"/>
        <Backdrop bgFile="Interface\ChatFrame\ChatFrameBackground" edgeFile="Interface\Buttons\WHITE8x8">
            <EdgeSize>
                <AbsValue val="1" />
            </EdgeSize>
            <Color r="0" g="0" b="0" a="0.6" />
            <BorderColor r="0.3" g="0.3" b="0.3" a="1" />
        </Backdrop>
        <Layers>
            <Layer level="ARTWORK">
                <FontString name="$parentName" inherits="GameFontNormal" text="DJBags_LOCALE_SUB_CLASS_SETTINGS">
                    <Anchors>
                        <Anchor point="TOPLEFT" x="15" y="-5"/>
                    </Anchors>
                </FontString>
            </Layer>
        </Layers>
        <Frames>
            <CheckButton name="$parentArmorCheckBox" inherits="DJBagsSettingsCheckBoxTemplate">
                <Anchors>
                    <Anchor point="TOPLEFT" relativeTo="$parentName" relativePoint="BOTTOMLEFT" x="5" y="-5" />
                </Anchors>
                <Scripts>
                    <OnShow>
                        DJBagsInitSettingsCheckBox(self, AUCTION_CATEGORY_ARMOR, DJBags_TYPE_SUB_CLASS, LE_ITEM_CLASS_ARMOR, 2)
                    </OnShow>
                </Scripts>
            </CheckButton>
            <CheckButton name="$parentConsumableCheckBox" inherits="DJBagsSettingsCheckBoxTemplate">
                <Anchors>
                    <Anchor point="LEFT" relativeTo="$parentArmorCheckBox" relativePoint="RIGHT" x="140" />
                </Anchors>
                <Scripts>
                    <OnShow>
                        DJBagsInitSettingsCheckBox(self, AUCTION_CATEGORY_CONSUMABLES, DJBags_TYPE_SUB_CLASS, LE_ITEM_CLASS_CONSUMABLE, 2)
                    </OnShow>
                </Scripts>
            </CheckButton>
            <CheckButton name="$parentGemsCheckBox" inherits="DJBagsSettingsCheckBoxTemplate">
                <Anchors>
                    <Anchor point="LEFT" relativeTo="$parentConsumableCheckBox" relativePoint="RIGHT" x="140" />
                </Anchors>
                <Scripts>
                    <OnShow>
                        DJBagsInitSettingsCheckBox(self, AUCTION_CATEGORY_GEMS, DJBags_TYPE_SUB_CLASS, LE_ITEM_CLASS_GEM, 2)
                    </OnShow>
                </Scripts>
            </CheckButton>
            <CheckButton name="$parentGlyphCheckBox" inherits="DJBagsSettingsCheckBoxTemplate">
                <Anchors>
                    <Anchor point="TOP" relativeTo="$parentArmorCheckBox" relativePoint="BOTTOM" />
                </Anchors>
                <Scripts>
                    <OnShow>
                        DJBagsInitSettingsCheckBox(self, AUCTION_CATEGORY_GLYPHS, DJBags_TYPE_SUB_CLASS, LE_ITEM_CLASS_GLYPH, 2)
                    </OnShow>
                </Scripts>
            </CheckButton>
            <CheckButton name="$parentItemEnhancementCheckBox" inherits="DJBagsSettingsCheckBoxTemplate">
                <Anchors>
                    <Anchor point="LEFT" relativeTo="$parentGlyphCheckBox" relativePoint="RIGHT" x="140" />
                </Anchors>
                <Scripts>
                    <OnShow>
                        DJBagsInitSettingsCheckBox(self, AUCTION_CATEGORY_ITEM_ENHANCEMENT, DJBags_TYPE_SUB_CLASS, LE_ITEM_CLASS_ITEM_ENHANCEMENT, 2)
                    </OnShow>
                </Scripts>
            </CheckButton>
            <CheckButton name="$parentMiscCheckBox" inherits="DJBagsSettingsCheckBoxTemplate">
                <Anchors>
                    <Anchor point="LEFT" relativeTo="$parentItemEnhancementCheckBox" relativePoint="RIGHT" x="140" />
                </Anchors>
                <Scripts>
                    <OnShow>
                        DJBagsInitSettingsCheckBox(self, AUCTION_CATEGORY_MISCELLANEOUS, DJBags_TYPE_SUB_CLASS, LE_ITEM_CLASS_MISCELLANEOUS, 2)
                    </OnShow>
                </Scripts>
            </CheckButton>
            <CheckButton name="$parentRecipesCheckBox" inherits="DJBagsSettingsCheckBoxTemplate">
                <Anchors>
                    <Anchor point="TOP" relativeTo="$parentGlyphCheckBox" relativePoint="BOTTOM" />
                </Anchors>
                <Scripts>
                    <OnShow>
                        DJBagsInitSettingsCheckBox(self, AUCTION_CATEGORY_RECIPES, DJBags_TYPE_SUB_CLASS, LE_ITEM_CLASS_RECIPE, 2)
                    </OnShow>
                </Scripts>
            </CheckButton>
            <CheckButton name="$parentTradeGoodsCheckBox" inherits="DJBagsSettingsCheckBoxTemplate">
                <Anchors>
                    <Anchor point="LEFT" relativeTo="$parentRecipesCheckBox" relativePoint="RIGHT" x="140" />
                </Anchors>
                <Scripts>
                    <OnShow>
                        DJBagsInitSettingsCheckBox(self, AUCTION_CATEGORY_TRADE_GOODS, DJBags_TYPE_SUB_CLASS, LE_ITEM_CLASS_TRADEGOODS, 2)
                    </OnShow>
                </Scripts>
            </CheckButton>
            <CheckButton name="$parentWeaponsCheckBox" inherits="DJBagsSettingsCheckBoxTemplate">
                <Anchors>
                    <Anchor point="LEFT" relativeTo="$parentTradeGoodsCheckBox" relativePoint="RIGHT" x="140" />
                </Anchors>
                <Scripts>
                    <OnShow>
                        DJBagsInitSettingsCheckBox(self, AUCTION_CATEGORY_WEAPONS, DJBags_TYPE_SUB_CLASS, LE_ITEM_CLASS_WEAPON, 2)
                    </OnShow>
                </Scripts>
            </CheckButton>
            <CheckButton name="$parentBOECheckBox" inherits="DJBagsSettingsCheckBoxTemplate">
                <Anchors>
                    <Anchor point="TOP" relativeTo="$parentRecipesCheckBox" relativePoint="BOTTOM" />
                </Anchors>
                <Scripts>
                    <OnShow>
                        DJBagsInitSettingsCheckBox(self, DJBags_LOCALE_BOE, DJBags_TYPE_SUB_CLASS, DJBags_SETTING_BOE, 2)
                    </OnShow>
                </Scripts>
            </CheckButton>
            <CheckButton name="$parentBOACheckBox" inherits="DJBagsSettingsCheckBoxTemplate">
                <Anchors>
                    <Anchor point="LEFT" relativeTo="$parentBOECheckBox" relativePoint="RIGHT" x="140" />
                </Anchors>
                <Scripts>
                    <OnShow>
                        DJBagsInitSettingsCheckBox(self, DJBags_LOCALE_BOA, DJBags_TYPE_SUB_CLASS, DJBags_SETTING_BOA, 2)
                    </OnShow>
                </Scripts>
            </CheckButton>
        </Frames>
    </Frame>
</Ui>
