<Ui xmlns="http://www.blizzard.com/wow/ui/" xmlns:xsi="http://www.w3.org/2001/XMLSchema-instance"
    xsi:schemaLocation="http://www.blizzard.com/wow/ui/..\FrameXML\UI.xsd">
    <Frame name="DJBagsMainSettings" hidden="false" virtual="true">
        <Size x="500" y="115"/>
        <Backdrop bgFile="Interface\ChatFrame\ChatFrameBackground" edgeFile="Interface\Buttons\WHITE8x8">
            <EdgeSize>
                <AbsValue val="1" />
            </EdgeSize>
            <Color r="0" g="0" b="0" a="0.6" />
            <BorderColor r="0.3" g="0.3" b="0.3" a="1" />
        </Backdrop>
        <Layers>
            <Layer level="ARTWORK">
                <FontString name="$parentName" inherits="GameFontNormal" text="DJBags_LOCALE_MAIN_SETTINGS">
                    <Anchors>
                        <Anchor point="TOPLEFT" x="15" y="-5"/>
                    </Anchors>
                </FontString>
            </Layer>
        </Layers>
        <Frames>
            <CheckButton name="$parentAutoSellJunk" inherits="DJBagsSettingsCheckBoxTemplate">
                <Anchors>
                    <Anchor point="TOPLEFT" relativeTo="$parentName" relativePoint="BOTTOMLEFT" x="5" y="-5" />
                </Anchors>
                <Scripts>
                    <OnShow>
                        DJBagsInitSettingsCheckBox(self, DJBags_LOCALE_SELL_JUNK, DJBags_TYPE_MAIN, DJBags_SETTING_SELL_JUNK)
                    </OnShow>
                </Scripts>
            </CheckButton>
            <CheckButton name="$parentDepositReagents" inherits="DJBagsSettingsCheckBoxTemplate">
                <Anchors>
                    <Anchor point="LEFT" relativeTo="$parentAutoSellJunk" relativePoint="RIGHT" x="140" />
                </Anchors>
                <Scripts>
                    <OnShow>
                        DJBagsInitSettingsCheckBox(self, DJBags_LOCALE_DEPOSIT_REAGENT, DJBags_TYPE_MAIN, DJBags_SETTING_DEPOSIT_REAGENT)
                    </OnShow>
                </Scripts>
            </CheckButton>
            <CheckButton name="$parentStackAllItems" inherits="DJBagsSettingsCheckBoxTemplate">
                <Anchors>
                    <Anchor point="LEFT" relativeTo="$parentDepositReagents" relativePoint="RIGHT" x="140" />
                </Anchors>
                <Scripts>
                    <OnShow>
                        DJBagsInitSettingsCheckBox(self, DJBags_LOCALE_STACK_ALL, DJBags_TYPE_MAIN, DJBags_SETTING_STACK_ALL, 2)
                    </OnShow>
                </Scripts>
            </CheckButton>
            <Slider name="$parentScaleSlider" inherits="DJBagsSettingsSliderTemplate">
                <Anchors>
                    <Anchor point="TOPLEFT" relativeTo="$parentAutoSellJunk" relativePoint="BOTTOMLEFT">
                        <Offset>
                            <AbsDimension x="0" y="-32"/>
                        </Offset>
                    </Anchor>
                </Anchors>
                <Scripts>
                    <OnShow>
                        DJBagsInitSettingsSlider(self, DJBags_LOCALE_SCALE, 0.5, 2, 0.1, DJBags_TYPE_MAIN, DJBags_SETTING_SCALE)
                    </OnShow>
                </Scripts>
            </Slider>
        </Frames>
    </Frame>
</Ui>
