<Ui xmlns="http://www.blizzard.com/wow/ui/" xmlns:xsi="http://www.w3.org/2001/XMLSchema-instance" xsi:schemaLocation="http://www.blizzard.com/wow/ui/
..\FrameXML\UI.xsd">

    <Button name="TalentSetListButton" virtual="true">
		<Size x="169" y="44"/>
		<Anchors>
			<Anchor point="LEFT" x="2" y="0"/>
		</Anchors>
		<Layers>
			<Layer level="BACKGROUND">
				<Texture name="$parentBgTop" inherits="Char-Stat-Top" parentKey="BgTop">
					<Anchors>
						<Anchor point="TOPLEFT" x="0" y="1"/>
					</Anchors>
				</Texture>
				<Texture name="$parentBgBottom" inherits="Char-Stat-Top" parentKey="BgBottom">
					<Anchors>
						<Anchor point="BOTTOMLEFT" x="0" y="-4"/>
					</Anchors>
				</Texture>
				<Texture name="$parentBgMiddle" file="Interface\CharacterFrame\Char-Stat-Middle" parentKey="BgMiddle" vertTile="true">
					<Size x="169" y="8"/>
					<Anchors>
						<Anchor point="LEFT" x="1"/>
					</Anchors>
					<TexCoords left="0.00390625" right="0.66406250" top="0.00000000" bottom="1.00000000"/>
				</Texture>
			</Layer>
			<Layer level="BACKGROUND" textureSubLevel="1">
				<Texture name="$parentStripe" parentKey="Stripe">
					<Anchors>
						<Anchor point="TOPLEFT" x="1" y="0"/>
						<Anchor point="BOTTOMRIGHT" x="0" y="0"/>
					</Anchors>
				</Texture>
			</Layer>
			<Layer level="BORDER">
				<Texture name="$parentCheck" file="Interface\Buttons\UI-CheckBox-Check" parentKey="Check" hidden="true">
					<Size x="16" y="16"/>
					<Anchors>
						<Anchor point="RIGHT">
							<Offset x="-8" y="0"/>
						</Anchor>
					</Anchors>
				</Texture>
			</Layer>
			<Layer level="ARTWORK">
				<FontString name="$parentText" inherits="GameFontNormalLeft" parentKey="text">
					<Size x="98" y="38"/>
					<Anchors>
						<Anchor point="LEFT" x="44"/>
					</Anchors>
				</FontString>
			</Layer>
			<Layer level="OVERLAY" textureSubLevel="-1">
				<Texture name="$parentHighlightBar" parentKey="HighlightBar" file="Interface\FriendsFrame\UI-FriendsFrame-HighlightBar-Blue" alpha="0.4" alphaMode="ADD" hidden="true">
					<TexCoords left="0.2" right="0.8" top="0" bottom="1"/>
				</Texture>
			</Layer>
			<Layer level="OVERLAY">
				<Texture name="$parentSelectedBar" parentKey="SelectedBar" file="Interface\FriendsFrame\UI-FriendsFrame-HighlightBar" alpha="0.4" alphaMode="ADD" hidden="true">
					<TexCoords left="0.2" right="0.8" top="0" bottom="1"/>
				</Texture>
			</Layer>
		</Layers>
		
		<Frames>
			<Button name="$parentDeleteButton" parentKey="DeleteButton" hidden="true">
				<Size>
					<AbsDimension x="14" y="14"/>
				</Size>
				<Anchors>
					<Anchor point="BOTTOMRIGHT" x="-2" y="2"/>
				</Anchors>
				<Layers>
					<Layer level="ARTWORK">
						<Texture file="Interface\Buttons\UI-GroupLoot-Pass-Up" alpha="0.5" parentKey="texture"/>
					</Layer>
				</Layers>
				<Scripts>
					<OnEnter>
						self.texture:SetAlpha(1.0)
						GameTooltip:SetOwner(self, "ANCHOR_RIGHT")
						GameTooltip:SetText(DELETE)
					</OnEnter>
					<OnLeave function="TalentSetListButton_Generic_OnLeave" />
					<OnMouseDown>
						self.texture:SetPoint("TOPLEFT", 1, -1)
					</OnMouseDown>
					<OnMouseUp>
						self.texture:SetPoint("TOPLEFT", 0, 0)
					</OnMouseUp>
					<OnClick function="TalentSetListButton_Delete_OnClick" />
				</Scripts>
			</Button>
			<Button name="$parentEditButton" parentKey="EditButton" hidden="true">
				<Size>
					<AbsDimension x="16" y="16"/>
				</Size>
				<Anchors>
					<Anchor point="RIGHT" relativeTo="$parentDeleteButton" relativePoint="LEFT" x="-1"/>
				</Anchors>
				<Layers>
					<Layer level="ARTWORK">
						<Texture file="Interface\WorldMap\GEAR_64GREY" alpha="0.5" parentKey="texture"/>
					</Layer>
				</Layers>
				<Scripts>
					<OnEnter>
						self.texture:SetAlpha(1.0)
						GameTooltip:SetOwner(self, "ANCHOR_RIGHT")
						GameTooltip:SetText(EQUIPMENT_SET_EDIT)
					</OnEnter>
                    <OnLeave function="TalentSetListButton_Generic_OnLeave" />
					<OnMouseDown>
						self.texture:SetPoint("TOPLEFT", 1, -1)
					</OnMouseDown>
					<OnMouseUp>
						self.texture:SetPoint("TOPLEFT", 0, 0)
					</OnMouseUp>
					<OnClick>
						TalentSetListButton_OnClick(self:GetParent())
						TalentSetsDialogPopup:Show()
						TalentSetsDialogPopup.isEdit = true
						TalentSetsDialogPopup.origName = self:GetParent().set.name
						RecalculateTalentSetsDialogPopup(self:GetParent().set.name)
					</OnClick>
				</Scripts>
			</Button>
            <Button name="$parentEquipmentButton" parentKey="EquipmentButton">
				<Size>
					<AbsDimension x="14" y="14"/>
				</Size>
				<Anchors>
					<Anchor point="RIGHT" relativeTo="$parentEditButton" relativePoint="LEFT" x="-1"/>
				</Anchors>
				<Layers>
					<Layer level="ARTWORK">
						<Texture file="Interface\Minimap\minimap_shield_normal" alpha="0.5" parentKey="texture"/>
					</Layer>
				</Layers>
				<Scripts>
					<OnEnter function="TalentSetListButton_Equipment_OnEnter" />
					<OnLeave function="TalentSetListButton_Generic_OnLeave" />
					<OnMouseDown>
						self.texture:SetPoint("TOPLEFT", 1, -1)
					</OnMouseDown>
					<OnMouseUp>
						self.texture:SetPoint("TOPLEFT", 0, 0)
					</OnMouseUp>
					<OnClick function="TalentSetListButton_Equipment_OnClick" />
				</Scripts>
			</Button>
             <Button name="$parentMacroButton" parentKey="MacroButton">
				<Size>
					<AbsDimension x="14" y="14"/>
				</Size>
				<Anchors>
					<Anchor point="RIGHT" relativeTo="$parentEquipmentButton" relativePoint="LEFT" x="-3"/>
				</Anchors>
				<Layers>
					<Layer level="ARTWORK">
						<Texture file="interface\macroframe\macroframe-icon" alpha="0.5" parentKey="texture"/>
					</Layer>
				</Layers>
				<Scripts>
                    <OnLoad>self:RegisterForClicks("LeftButtonUp", "RightButtonUp")</OnLoad>
					<OnEnter function="TalentSetListButton_Macro_OnEnter" />
					<OnLeave function="TalentSetListButton_Generic_OnLeave" />
					<OnMouseDown>self.texture:SetPoint("TOPLEFT", 1, -1)</OnMouseDown>
					<OnMouseUp>self.texture:SetPoint("TOPLEFT", 0, 0)</OnMouseUp>
					<OnClick function="TalentSetListButton_Macro_OnClick" />
				</Scripts>
			</Button>
             <Button name="$parentArrowUp" parentKey="ArrowUp">
				<Size>
					<AbsDimension x="14" y="14"/>
				</Size>
				<Anchors>
					<Anchor point="TOPLEFT" x="1" y="-1" />
                    <Anchor point="BOTTOMLEFT" relativePoint="LEFT" x="1" />
				</Anchors>
				<Layers>
					<Layer level="ARTWORK">
						<Texture file="interface\transmogrify\transmog-tooltip-arrow" parentKey="texture"/>
					</Layer>
				</Layers>
				<Scripts>
                    <OnLoad>
                        self:RegisterForClicks("LeftButtonUp")
                        self.texture:SetRotation(1.5708)
                    </OnLoad>
					<OnMouseDown>self.texture:SetPoint("TOPLEFT", 1, -1)</OnMouseDown>
					<OnMouseUp>self.texture:SetPoint("TOPLEFT", 0, 0)</OnMouseUp>
					<OnClick function="TalentSetListButton_ArrowUp_OnClick" />
				</Scripts>
			</Button>
            <Button name="$parentArrowDown" parentKey="ArrowDown">
				<Size>
					<AbsDimension x="14" y="14"/>
				</Size>
				<Anchors>
					<Anchor point="BOTTOMLEFT" x="1" y="1" />
					<Anchor point="TOPLEFT" relativePoint="LEFT" x="1" />
				</Anchors>
				<Layers>
					<Layer level="ARTWORK">
						<Texture file="interface\transmogrify\transmog-tooltip-arrow" parentKey="texture"/>
					</Layer>
				</Layers>
				<Scripts>
                    <OnLoad>
                        self:RegisterForClicks("LeftButtonUp")
                        self.texture:SetRotation(4.7124)
                    </OnLoad>
					<OnMouseDown>self.texture:SetPoint("TOPLEFT", 1, -1)</OnMouseDown>
					<OnMouseUp>self.texture:SetPoint("TOPLEFT", 0, 0)</OnMouseUp>
					<OnClick function="TalentSetListButton_ArrowDown_OnClick" />
				</Scripts>
			</Button>
		</Frames>
		<Scripts>
			<OnLoad>
				self:RegisterForDrag("LeftButton")
				SetClampedTextureRotation(self.BgBottom, 180)
			</OnLoad>
			<OnClick function="TalentSetListButton_OnClick" />
			<OnEnter function="TalentSetListButton_OnEnter" />
			<OnLeave function="TalentSetListButton_OnLeave" />
			<OnDoubleClick function="TalentSetListButton_OnDoubleClick" />
            <OnDragStart function="TalentSetListButton_OnDragStart" />
		</Scripts>
		<NormalTexture name="$parentIcon" parentKey="icon">
			<Size>
				<AbsDimension x="36" y="36"/>
			</Size>
			<Anchors>
				<Anchor point="LEFT">
					<Offset>
						<AbsDimension x="15" y="0"/>
					</Offset>
				</Anchor>
			</Anchors>
		</NormalTexture>
	</Button>
	
	<CheckButton name="TalentSetPopupButtonTemplate" inherits="SimplePopupButtonTemplate" virtual="true">
		<Scripts>
			<OnLoad>
				local name = self:GetName()
				self.icon = _G[name.."Icon"]
				self.name = _G[name.."Name"]
			</OnLoad>
			<OnClick function="TalentSetPopupButton_OnClick" />
		</Scripts>
		<NormalTexture name="$parentIcon" nonBlocking="true">
			<Size>
				<AbsDimension x="36" y="36"/>
			</Size>
			<Anchors>
				<Anchor point="CENTER">
					<Offset>
						<AbsDimension x="0" y="-1"/>
					</Offset>
				</Anchor>
			</Anchors>
		</NormalTexture>
		<HighlightTexture alphaMode="ADD" file="Interface\Buttons\ButtonHilight-Square"/>
		<CheckedTexture alphaMode="ADD" file="Interface\Buttons\CheckButtonHilight"/>
	</CheckButton>
    
	<Frame name="TalentSetsDialogPopup" hidden="true">
		<Size x="297" y="254"/>
		<Layers>
			<Layer level="BACKGROUND">
				<Texture file="Interface\MacroFrame\MacroPopup-TopLeft">
					<Size x="256" y="212"/>
					<Anchors>
						<Anchor point="TOPLEFT"/>
					</Anchors>
					<TexCoords left="0" right="1" top="0" bottom="0.828125"/>
				</Texture>
				<Texture file="Interface\MacroFrame\MacroPopup-TopRight">
					<Size x="64" y="212"/>
					<Anchors>
						<Anchor point="TOPLEFT">
							<Offset x="256" y="0"/>
						</Anchor>
					</Anchors>
					<TexCoords left="0" right="1" top="0" bottom="0.828125"/>
				</Texture>
				<Texture file="Interface\MacroFrame\MacroPopup-BotLeft">
					<Size x="256" y="64"/>
					<Anchors>
						<Anchor point="TOPLEFT">
							<Offset x="0" y="-212"/>
						</Anchor>
					</Anchors>
				</Texture>
				<Texture file="Interface\MacroFrame\MacroPopup-BotRight">
					<Size x="64" y="64"/>
					<Anchors>
						<Anchor point="TOPLEFT">
							<Offset x="256" y="-212"/>
						</Anchor>
					</Anchors>
				</Texture>
			</Layer>	
			<Layer level="ARTWORK">
				<FontString inherits="GameFontHighlightSmall" text="GEARSETS_POPUP_TEXT" name="$parentNameText">
					<Anchors>
						<Anchor point="TOPLEFT">
							<Offset x="24" y="-21"/>
						</Anchor>
					</Anchors>
				</FontString>
				<FontString inherits="GameFontHighlightSmall" text="MACRO_POPUP_CHOOSE_ICON" name="$parentChooseIconText">
					<Anchors>
						<Anchor point="TOPLEFT">
							<Offset x="24" y="-69"/>
						</Anchor>
					</Anchors>
				</FontString>					
			</Layer>
		</Layers>
		<Frames>
			<ScrollFrame name="$parentScrollFrame" inherits="FauxScrollFrameTemplate">
				<Size>
					<AbsDimension x="296" y="151"/>
				</Size>
				<Anchors>
					<Anchor point="TOPRIGHT" relativeTo="$parent" relativePoint="TOPRIGHT">
						<Offset>
							<AbsDimension x="-39" y="-67"/>
						</Offset>
					</Anchor>
				</Anchors>
				<Layers>
					<Layer level="BACKGROUND">
						<Texture file="Interface\ClassTrainerFrame\UI-ClassTrainer-ScrollBar">
							<Size x="30" y="120"/>
							<Anchors>
								<Anchor point="TOPLEFT" relativePoint="TOPRIGHT">
									<Offset x="-3" y="2"/>
								</Anchor>
							</Anchors>
							<TexCoords left="0" right="0.46875" top="0.0234375" bottom="0.9609375"/>
						</Texture>
						<Texture file="Interface\ClassTrainerFrame\UI-ClassTrainer-ScrollBar">
							<Size x="30" y="79"/>
							<Anchors>
								<Anchor point="BOTTOMLEFT" relativePoint="BOTTOMRIGHT">
									<Offset x="-3" y="-2"/>
								</Anchor>
							</Anchors>
							<TexCoords left="0.53125" right="1.0" top="0.3828125" bottom="1.0"/>
						</Texture>
					</Layer>
				</Layers>
				<Scripts>
					<OnVerticalScroll>
						FauxScrollFrame_OnVerticalScroll(self, offset, 36, TalentSetsDialogPopup_Update)
					</OnVerticalScroll>
				</Scripts>
			</ScrollFrame>				
			<EditBox name="$parentEditBox" letters="16" historyLines="0" autoFocus="true">
				<Size x="182" y="20"/>
				<Anchors>
					<Anchor point="TOPLEFT">
						<Offset x="29" y="-35"/>
					</Anchor>
				</Anchors>
				<Layers>
					<Layer level="BACKGROUND">
						<Texture name="$parentLeft" file="Interface\ClassTrainerFrame\UI-ClassTrainer-FilterBorder">
							<Size x="12" y="29"/>
							<Anchors>
								<Anchor point="TOPLEFT">
									<Offset x="-11" y="0"/>
								</Anchor>
							</Anchors>
							<TexCoords left="0" right="0.09375" top="0" bottom="1.0"/>
						</Texture>
						<Texture name="$parentMiddle" file="Interface\ClassTrainerFrame\UI-ClassTrainer-FilterBorder">
							<Size x="175" y="29"/>
							<Anchors>
								<Anchor point="LEFT" relativeTo="$parentLeft" relativePoint="RIGHT"/>
							</Anchors>
							<TexCoords left="0.09375" right="0.90625" top="0" bottom="1.0"/>
						</Texture>
						<Texture name="$parentRight" file="Interface\ClassTrainerFrame\UI-ClassTrainer-FilterBorder">
							<Size x="12" y="29"/>
							<Anchors>
								<Anchor point="LEFT" relativeTo="$parentMiddle" relativePoint="RIGHT"/>
							</Anchors>
							<TexCoords left="0.90625" right="1.0" top="0" bottom="1.0"/>
						</Texture>
					</Layer>
				</Layers>
				<Scripts>
					<OnTextChanged>
						local text = self:GetText()
						if text ~= "" then
							TalentSetsDialogPopup.name = text
						else
							TalentSetsDialogPopup.name = nil
						end
						
						TalentSetsDialogPopupOkay_Update()
					</OnTextChanged>
					<OnEscapePressed function="TalentSetsDialogPopupCancel_OnClick"/>
					<OnEnterPressed>
						if TalentSetsDialogPopupOkay:IsEnabled() then
							TalentSetsDialogPopupOkay:Click()
						end
					</OnEnterPressed>
				</Scripts>
				<FontString inherits="ChatFontNormal"/>
			</EditBox>	
			<Button name="$parentCancel" inherits="UIPanelButtonTemplate" text="CANCEL">
				<Size x="78" y="22"/>
				<Anchors>
					<Anchor point="BOTTOMRIGHT">
						<Offset x="-11" y="13"/>
					</Anchor>
				</Anchors>
				<Scripts>
					<OnClick>
						TalentSetsDialogPopupCancel_OnClick(self, button)
						PlaySound("gsTitleOptionOK")
					</OnClick>
				</Scripts>
			</Button>					
			<Button name="$parentOkay" inherits="UIPanelButtonTemplate" text="OKAY">
				<Size x="78" y="22"/>
				<Anchors>
					<Anchor point="BOTTOMRIGHT" relativeTo="$parentCancel" relativePoint="BOTTOMLEFT">
						<Offset x="-2" y="0"/>
					</Anchor>
				</Anchors>
				<Scripts>
					<OnClick>
						TalentSetsDialogPopupOkay_OnClick(self, button)
						PlaySound("gsTitleOptionOK")
					</OnClick>
				</Scripts>
			</Button>
		</Frames>
		<Scripts>
			<OnLoad function="TalentSetsDialogPopup_OnLoad"/>
			<OnShow function="TalentSetsDialogPopup_OnShow"/>
			<OnHide function="TalentSetsDialogPopup_OnHide"/>
		</Scripts>
    </Frame>
    
    <Button name="TSMLDBListButton" virtual="true">
		<Size x="169" y="22"/>
		<Layers>
			<Layer level="BACKGROUND">
				<Texture name="$parentBgTop" inherits="Char-Stat-Top" parentKey="BgTop">
					<Anchors>
						<Anchor point="TOPLEFT" x="0" y="1"/>
					</Anchors>
				</Texture>
				<Texture name="$parentBgBottom" inherits="Char-Stat-Top" parentKey="BgBottom">
					<Anchors>
						<Anchor point="BOTTOMLEFT" x="0" y="-2"/>
					</Anchors>
				</Texture>
				<Texture name="$parentBgMiddle" file="Interface\CharacterFrame\Char-Stat-Middle" parentKey="BgMiddle" vertTile="true">
					<Size x="169" y="8"/>
					<Anchors>
						<Anchor point="LEFT" x="1"/>
					</Anchors>
					<TexCoords left="0.00390625" right="0.66406250" top="0.00000000" bottom="1.00000000"/>
				</Texture>
			</Layer>
			<Layer level="BACKGROUND" textureSubLevel="1">
				<Texture name="$parentStripe" parentKey="Stripe">
					<Anchors>
						<Anchor point="TOPLEFT" x="1" y="0"/>
						<Anchor point="BOTTOMRIGHT" x="0" y="0"/>
					</Anchors>
				</Texture>
			    <Texture file="Interface\Minimap\minimap_shield_elite" alpha="0.8" parentKey="equipmentTexture">
                	<Size x="17" y="17"/>
                    <Anchors>
						<Anchor point="RIGHT" x="-5" />
					</Anchors>
                </Texture>
			</Layer>
			<Layer level="BORDER">
				<Texture name="$parentCheck" file="Interface\Buttons\UI-CheckBox-Check" parentKey="Check" hidden="true">
					<Size x="16" y="16"/>
					<Anchors>
						<Anchor point="LEFT">
							<Offset x="8" y="0"/>
						</Anchor>
					</Anchors>
				</Texture>
                <Texture name="$parentIcon" parentKey="Icon">
					<Size x="16" y="16"/>
					<Anchors>
						<Anchor point="LEFT" relativeTo="$parentCheck" relativePoint="RIGHT" x="3" />
					</Anchors>
				</Texture>
			</Layer>
		</Layers>
		<Scripts>
			<OnLoad>
				SetClampedTextureRotation(self.BgBottom, 180)
			</OnLoad>
			<OnClick function="TSMLDBListButton_OnClick"/>
		</Scripts>
		<ButtonText name="$parentTalentSetText" inherits="GameFontNormalSmallLeft" justifyH="LEFT" parentKey="text">
			<Anchors>
				<Anchor point="LEFT" relativeTo="$parentIcon" relativePoint="RIGHT" x="3" y="0"/>
				<Anchor point="RIGHT" x="-3" y="0"/>
			</Anchors>
		</ButtonText>
		<HighlightTexture file="Interface\FriendsFrame\UI-FriendsFrame-HighlightBar-Blue" alphaMode="ADD"/>	
	</Button>
    
    <!-- blizzard interface options -->
    <Button name="TalentSetManagerInterfaceOptionsIconSel" virtual="true">
       <Size x="32" y="32"/>
       <Frames>
            <Frame name="$parentBorder" parentKey="border" inherits="ThinBorderTemplate">
                <Anchors>
                    <Anchor point="TOPLEFT"/>
                    <Anchor point="BOTTOMRIGHT"/>
                </Anchors>
                <Scripts>
                    <OnLoad>
                        for i = 1, #self.Textures do
                            self.Textures[i]:SetVertexColor(0.5, 0.75, 1, 1)
                            self.Textures[i]:SetAlpha(0.5)
                        end
                    </OnLoad>
                </Scripts>
            </Frame>
       </Frames>
       
       <Layers>
            <Layer level="ARTWORK">
                <Texture name="$parentIcon" parentKey="texture">
                    <Anchors>
                        <Anchor point="TOPLEFT" x="3" y="-3"/>
                        <Anchor point="BOTTOMRIGHT" x="-3" y="3"/>
                    </Anchors>
                </Texture>
            </Layer>
       </Layers>
       
       <Scripts>
           <OnMouseDown>
                self.texture:SetPoint("TOPLEFT", 4, -4)
                self.texture:SetPoint("BOTTOMRIGHT", -2, 2)
           </OnMouseDown>
           <OnMouseUp>
                self.texture:SetPoint("TOPLEFT", 3, -3)
                self.texture:SetPoint("BOTTOMRIGHT", -3, 3)
           </OnMouseUp>
           <OnEnter>
              for i = 1, #self.border.Textures do
                  self.border.Textures[i]:SetAlpha(0.8)
              end
           </OnEnter>
           <OnLeave>
              if self.selected then return end
              for i = 1, #self.border.Textures do
                  self.border.Textures[i]:SetAlpha(0.5)
              end
           </OnLeave>
       </Scripts>
    </Button>
</Ui>