<Bindings>
  <Binding name="WQA_AUTOMATE" header="WQAHEAD" category="ADDONS">
    WQA:Automate()
  </Binding>
  <Binding name="WQA_ABORT_PARTY_LEAVE" header="WQAHEAD" category="ADDONS">
    WQA:AbortPartyLeave(true)
  </Binding>
  <Binding name="WQA_NEW_PARTY" header="WQAHEAD" category="ADDONS">
    if WQA:GetCurrentWorldQuestID() and not WQA:IsInParty() then
      WQA:CreateQuestGroup(WQA:GetCurrentWorldQuestID())
    end
  </Binding>
  <Binding name="WQA_ANTI_LEECH" header="WQAHEAD" category="ADDONS">
    WQA:GetModule("Leech Police"):DropTheHammer()
  </Binding>
</Bindings>
